Workbook

Sheet Customer Names
B2: CUSTOMER ID | C2: NAME | D2: NAME LEN | E2: NAME TRIM | F2: NAME TRIM LEN | G2: TITLE | H2: FIRST NAME | I2: LAST NAME
B3: Id1 | C3: Hawks, Ms. Kelly | D3: =LEN(C3) -> 17 | E3: =TRIM(C3) -> Hawks, Ms. Kelly | F3: =LEN(E3) -> 16 | G3: Ms | H3: Kelly | I3: Hawks
B4: Id2 | C4: Lehner, Mr. Matthew D | D4: =LEN(C4) -> 22 | E4: =TRIM(C4) -> Lehner, Mr. Matthew D | F4: =LEN(E4) -> 21 | G4: Mr | H4: Matthew D | I4: Lehner
B5: Id3 | C5: Lu, Mr. Phil | D5: =LEN(C5) -> 13 | E5: =TRIM(C5) -> Lu, Mr. Phil | F5: =LEN(E5) -> 12 | G5: Mr | H5: Phil | I5: Lu
B6: Id4 | C6: Osborne, Ms. Kelsey | D6: =LEN(C6) -> 20 | E6: =TRIM(C6) -> Osborne, Ms. Kelsey | F6: =LEN(E6) -> 19 | G6: Ms | H6: Kelsey | I6: Osborne
B7: Id5 | C7: Kadala, Ms. Kristyn | D7: =LEN(C7) -> 20 | E7: =TRIM(C7) -> Kadala, Ms. Kristyn | F7: =LEN(E7) -> 19 | G7: Ms | H7: Kristyn | I7: Kadala
B8: Id6 | C8: Baker, Mr. Russell B. | D8: =LEN(C8) -> 22 | E8: =TRIM(C8) -> Baker, Mr. Russell B. | F8: =LEN(E8) -> 21 | G8: Mr | H8: Russell B | I8: Baker
B9: Id7 | C9: Macpherson, Mr. Scott | D9: =LEN(C9) -> 22 | E9: =TRIM(C9) -> Macpherson, Mr. Scott | F9: =LEN(E9) -> 21 | G9: Mr | H9: Scott | I9: Macpherson
B10: Id8 | C10: Hallman, Mr. Stephen | D10: =LEN(C10) -> 21 | E10: =TRIM(C10) -> Hallman, Mr. Stephen | F10: =LEN(E10) -> 20 | G10: Mr | H10: Stephen | I10: Hallman
B11: Id9 | C11: Moran, Mr. Patrick R. | D11: =LEN(C11) -> 22 | E11: =TRIM(C11) -> Moran, Mr. Patrick R. | F11: =LEN(E11) -> 21 | G11: Mr | H11: Patrick R | I11: Moran
B12: Id10 | C12: Benner, Ms. Brooke N. | D12: =LEN(C12) -> 22 | E12: =TRIM(C12) -> Benner, Ms. Brooke N. | F12: =LEN(E12) -> 21 | G12: Ms | H12: Brooke N | I12: Benner
B13: Id11 | C13: Fierro Vargas, Ms. Paola Andrea | D13: =LEN(C13) -> 32 | E13: =TRIM(C13) -> Fierro Vargas, Ms. Paola Andrea | F13: =LEN(E13) -> 31 | G13: Ms | H13: Paola Andrea | I13: Fierro Vargas
B14: Id12 | C14: Franz, Mr. David | D14: =LEN(C14) -> 17 | E14: =TRIM(C14) -> Franz, Mr. David | F14: =LEN(E14) -> 16 | G14: Mr | H14: David | I14: Franz
... B2337: Id2335 | C2337: German, Mr. Aaron K | D2337: =LEN(C2337) -> 20 | E2337: =TRIM(C2337) -> German, Mr. Aaron K | F2337: =LEN(E2337) -> 19 | G2337: Mr | H2337: Aaron K | I2337: German

Sheet Medical Examination
B2: CUSTOMER ID | C2: BMI | D2: WEIGHT STATUS | E2: HBA1C | F2: DIABETES STATUS | G2: HEART ISSUES | H2: ANY TRANSPLANTS | I2: CANCER HISTORY | J2: NUMBER OF MAJOR SURGERIES | K2: SMOKER | L2: SMOKER IMPUTED | M2: NUMBER OF MAJOR SURGERIES IMPUTED
B3: Id1 | C3: 47.41 | D3: =IF(C3<18.5,"Underweight", IF(AND(C3>=18.5,C3<=24.9),"Healthy Weight", IF(AND(C3>=25,C3<=29.9),"Overweight", IF(C3>=30,"Obesity")))) -> Obesity | E3: 7.47 | F3: =IF(E3<5.7,"Normal",IF(AND(E3>=5.7,E3<=6.4),"Prediabetes",IF(E3>=6.5,"Diabetes"))) -> Diabetes | G3: No | H3: No | I3: No | J3: No major surgery | K3: Yes | L3: =IF($K$3:$K$2337="?","No",K3) -> Yes | M3: =IF(J3="No major surgery", 0,J3) -> 0
B4: Id2 | C4: 30.36 | D4: =IF(C4<18.5,"Underweight", IF(AND(C4>=18.5,C4<=24.9),"Healthy Weight", IF(AND(C4>=25,C4<=29.9),"Overweight", IF(C4>=30,"Obesity")))) -> Obesity | E4: 5.77 | F4: =IF(E4<5.7,"Normal",IF(AND(E4>=5.7,E4<=6.4),"Prediabetes",IF(E4>=6.5,"Diabetes"))) -> Prediabetes | G4: No | H4: No | I4: No | J4: No major surgery | K4: Yes | L4: =IF($K$3:$K$2337="?","No",K4) -> Yes | M4: =IF(J4="No major surgery", 0,J4) -> 0
B5: Id3 | C5: 34.485 | D5: =IF(C5<18.5,"Underweight", IF(AND(C5>=18.5,C5<=24.9),"Healthy Weight", IF(AND(C5>=25,C5<=29.9),"Overweight", IF(C5>=30,"Obesity")))) -> Obesity | E5: 11.87 | F5: =IF(E5<5.7,"Normal",IF(AND(E5>=5.7,E5<=6.4),"Prediabetes",IF(E5>=6.5,"Diabetes"))) -> Diabetes | G5: Yes | H5: No | I5: No | J5: 2 | K5: Yes | L5: =IF($K$3:$K$2337="?","No",K5) -> Yes | M5: =IF(J5="No major surgery", 0,J5) -> 2
B6: Id4 | C6: 38.095 | D6: =IF(C6<18.5,"Underweight", IF(AND(C6>=18.5,C6<=24.9),"Healthy Weight", IF(AND(C6>=25,C6<=29.9),"Overweight", IF(C6>=30,"Obesity")))) -> Obesity | E6: 6.05 | F6: =IF(E6<5.7,"Normal",IF(AND(E6>=5.7,E6<=6.4),"Prediabetes",IF(E6>=6.5,"Diabetes"))) -> Prediabetes | G6: No | H6: No | I6: No | J6: No major surgery | K6: Yes | L6: =IF($K$3:$K$2337="?","No",K6) -> Yes | M6: =IF(J6="No major surgery", 0,J6) -> 0
B7: Id5 | C7: 35.53 | D7: =IF(C7<18.5,"Underweight", IF(AND(C7>=18.5,C7<=24.9),"Healthy Weight", IF(AND(C7>=25,C7<=29.9),"Overweight", IF(C7>=30,"Obesity")))) -> Obesity | E7: 5.45 | F7: =IF(E7<5.7,"Normal",IF(AND(E7>=5.7,E7<=6.4),"Prediabetes",IF(E7>=6.5,"Diabetes"))) -> Normal | G7: No | H7: No | I7: No | J7: No major surgery | K7: Yes | L7: =IF($K$3:$K$2337="?","No",K7) -> Yes | M7: =IF(J7="No major surgery", 0,J7) -> 0
B8: Id6 | C8: 32.8 | D8: =IF(C8<18.5,"Underweight", IF(AND(C8>=18.5,C8<=24.9),"Healthy Weight", IF(AND(C8>=25,C8<=29.9),"Overweight", IF(C8>=30,"Obesity")))) -> Obesity | E8: 6.59 | F8: =IF(E8<5.7,"Normal",IF(AND(E8>=5.7,E8<=6.4),"Prediabetes",IF(E8>=6.5,"Diabetes"))) -> Diabetes | G8: No | H8: No | I8: No | J8: No major surgery | K8: Yes | L8: =IF($K$3:$K$2337="?","No",K8) -> Yes | M8: =IF(J8="No major surgery", 0,J8) -> 0
B9: Id7 | C9: 36.4 | D9: =IF(C9<18.5,"Underweight", IF(AND(C9>=18.5,C9<=24.9),"Healthy Weight", IF(AND(C9>=25,C9<=29.9),"Overweight", IF(C9>=30,"Obesity")))) -> Obesity | E9: 6.07 | F9: =IF(E9<5.7,"Normal",IF(AND(E9>=5.7,E9<=6.4),"Prediabetes",IF(E9>=6.5,"Diabetes"))) -> Prediabetes | G9: No | H9: No | I9: No | J9: No major surgery | K9: Yes | L9: =IF($K$3:$K$2337="?","No",K9) -> Yes | M9: =IF(J9="No major surgery", 0,J9) -> 0
B10: Id8 | C10: 36.96 | D10: =IF(C10<18.5,"Underweight", IF(AND(C10>=18.5,C10<=24.9),"Healthy Weight", IF(AND(C10>=25,C10<=29.9),"Overweight", IF(C10>=30,"Obesity")))) -> Obesity | E10: 7.93 | F10: =IF(E10<5.7,"Normal",IF(AND(E10>=5.7,E10<=6.4),"Prediabetes",IF(E10>=6.5,"Diabetes"))) -> Diabetes | G10: No | H10: No | I10: No | J10: 3 | K10: Yes | L10: =IF($K$3:$K$2337="?","No",K10) -> Yes | M10: =IF(J10="No major surgery", 0,J10) -> 3
B11: Id9 | C11: 41.14 | D11: =IF(C11<18.5,"Underweight", IF(AND(C11>=18.5,C11<=24.9),"Healthy Weight", IF(AND(C11>=25,C11<=29.9),"Overweight", IF(C11>=30,"Obesity")))) -> Obesity | E11: 9.58 | F11: =IF(E11<5.7,"Normal",IF(AND(E11>=5.7,E11<=6.4),"Prediabetes",IF(E11>=6.5,"Diabetes"))) -> Diabetes | G11: Yes | H11: No | I11: Yes | J11: 1 | K11: Yes | L11: =IF($K$3:$K$2337="?","No",K11) -> Yes | M11: =IF(J11="No major surgery", 0,J11) -> 1
B12: Id10 | C12: 38.06 | D12: =IF(C12<18.5,"Underweight", IF(AND(C12>=18.5,C12<=24.9),"Healthy Weight", IF(AND(C12>=25,C12<=29.9),"Overweight", IF(C12>=30,"Obesity")))) -> Obesity | E12: 10.79 | F12: =IF(E12<5.7,"Normal",IF(AND(E12>=5.7,E12<=6.4),"Prediabetes",IF(E12>=6.5,"Diabetes"))) -> Diabetes | G12: No | H12: No | I12: No | J12: No major surgery | K12: Yes | L12: =IF($K$3:$K$2337="?","No",K12) -> Yes | M12: =IF(J12="No major surgery", 0,J12) -> 0
B13: Id11 | C13: 37.7 | D13: =IF(C13<18.5,"Underweight", IF(AND(C13>=18.5,C13<=24.9),"Healthy Weight", IF(AND(C13>=25,C13<=29.9),"Overweight", IF(C13>=30,"Obesity")))) -> Obesity | E13: 5.96 | F13: =IF(E13<5.7,"Normal",IF(AND(E13>=5.7,E13<=6.4),"Prediabetes",IF(E13>=6.5,"Diabetes"))) -> Prediabetes | G13: Yes | H13: No | I13: No | J13: 2 | K13: Yes | L13: =IF($K$3:$K$2337="?","No",K13) -> Yes | M13: =IF(J13="No major surgery", 0,J13) -> 2
B14: Id12 | C14: 42.13 | D14: =IF(C14<18.5,"Underweight", IF(AND(C14>=18.5,C14<=24.9),"Healthy Weight", IF(AND(C14>=25,C14<=29.9),"Overweight", IF(C14>=30,"Obesity")))) -> Obesity | E14: 11.9 | F14: =IF(E14<5.7,"Normal",IF(AND(E14>=5.7,E14<=6.4),"Prediabetes",IF(E14>=6.5,"Diabetes"))) -> Diabetes | G14: No | H14: No | I14: No | J14: No major surgery | K14: Yes | L14: =IF($K$3:$K$2337="?","No",K14) -> Yes | M14: =IF(J14="No major surgery", 0,J14) -> 0
B15: Id13 | C15: 40.92 | D15: =IF(C15<18.5,"Underweight", IF(AND(C15>=18.5,C15<=24.9),"Healthy Weight", IF(AND(C15>=25,C15<=29.9),"Overweight", IF(C15>=30,"Obesity")))) -> Obesity | E15: 8.41 | F15: =IF(E15<5.7,"Normal",IF(AND(E15>=5.7,E15<=6.4),"Prediabetes",IF(E15>=6.5,"Diabetes"))) -> Diabetes | G15: No | H15: No | I15: No | J15: No major surgery | K15: Yes | L15: =IF($K$3:$K$2337="?","No",K15) -> Yes | M15: =IF(J15="No major surgery", 0,J15) -> 0
B16: Id14 | C16: 40.565 | D16: =IF(C16<18.5,"Underweight", IF(AND(C16>=18.5,C16<=24.9),"Healthy Weight", IF(AND(C16>=25,C16<=29.9),"Overweight", IF(C16>=30,"Obesity")))) -> Obesity | E16: 7.02 | F16: =IF(E16<5.7,"Normal",IF(AND(E16>=5.7,E16<=6.4),"Prediabetes",IF(E16>=6.5,"Diabetes"))) -> Diabetes | G16: No | H16: No | I16: No | J16: No major surgery | K16: Yes | L16: =IF($K$3:$K$2337="?","No",K16) -> Yes | M16: =IF(J16="No major surgery", 0,J16) -> 0
B17: Id15 | C17: 36.385 | D17: =IF(C17<18.5,"Underweight", IF(AND(C17>=18.5,C17<=24.9),"Healthy Weight", IF(AND(C17>=25,C17<=29.9),"Overweight", IF(C17>=30,"Obesity")))) -> Obesity | E17: 7.59 | F17: =IF(E17<5.7,"Normal",IF(AND(E17>=5.7,E17<=6.4),"Prediabetes",IF(E17>=6.5,"Diabetes"))) -> Diabetes | G17: Yes | H17: No | I17: No | J17: 2 | K17: Yes | L17: =IF($K$3:$K$2337="?","No",K17) -> Yes | M17: =IF(J17="No major surgery", 0,J17) -> 2
B18: Id16 | C18: 39.9 | D18: =IF(C18<18.5,"Underweight", IF(AND(C18>=18.5,C18<=24.9),"Healthy Weight", IF(AND(C18>=25,C18<=29.9),"Overweight", IF(C18>=30,"Obesity")))) -> Obesity | E18: 11.32 | F18: =IF(E18<5.7,"Normal",IF(AND(E18>=5.7,E18<=6.4),"Prediabetes",IF(E18>=6.5,"Diabetes"))) -> Diabetes | G18: No | H18: No | I18: No | J18: No major surgery | K18: Yes | L18: =IF($K$3:$K$2337="?","No",K18) -> Yes | M18: =IF(J18="No major surgery", 0,J18) -> 0
B19: Id17 | C19: 33.8 | D19: =IF(C19<18.5,"Underweight", IF(AND(C19>=18.5,C19<=24.9),"Healthy Weight", IF(AND(C19>=25,C19<=29.9),"Overweight", IF(C19>=30,"Obesity")))) -> Obesity | E19: 7.67 | F19: =IF(E19<5.7,"Normal",IF(AND(E19>=5.7,E19<=6.4),"Prediabetes",IF(E19>=6.5,"Diabetes"))) -> Diabetes | G19: No | H19: No | I19: No | J19: 3 | K19: Yes | L19: =IF($K$3:$K$2337="?","No",K19) -> Yes | M19: =IF(J19="No major surgery", 0,J19) -> 3
B20: Id18 | C20: 36.765 | D20: =IF(C20<18.5,"Underweight", IF(AND(C20>=18.5,C20<=24.9),"Healthy Weight", IF(AND(C20>=25,C20<=29.9),"Overweight", IF(C20>=30,"Obesity")))) -> Obesity | E20: 7.29 | F20: =IF(E20<5.7,"Normal",IF(AND(E20>=5.7,E20<=6.4),"Prediabetes",IF(E20>=6.5,"Diabetes"))) -> Diabetes | G20: Yes | H20: No | I20: Yes | J20: 1 | K20: Yes | L20: =IF($K$3:$K$2337="?","No",K20) -> Yes | M20: =IF(J20="No major surgery", 0,J20) -> 1
B21: Id19 | C21: 36.955 | D21: =IF(C21<18.5,"Underweight", IF(AND(C21>=18.5,C21<=24.9),"Healthy Weight", IF(AND(C21>=25,C21<=29.9),"Overweight", IF(C21>=30,"Obesity")))) -> Obesity | E21: 4.72 | F21: =IF(E21<5.7,"Normal",IF(AND(E21>=5.7,E21<=6.4),"Prediabetes",IF(E21>=6.5,"Diabetes"))) -> Normal | G21: Yes | H21: No | I21: No | J21: 1 | K21: Yes | L21: =IF($K$3:$K$2337="?","No",K21) -> Yes | M21: =IF(J21="No major surgery", 0,J21) -> 1
B22: Id20 | C22: 42.9 | D22: =IF(C22<18.5,"Underweight", IF(AND(C22>=18.5,C22<=24.9),"Healthy Weight", IF(AND(C22>=25,C22<=29.9),"Overweight", IF(C22>=30,"Obesity")))) -> Obesity | E22: 11.41 | F22: =IF(E22<5.7,"Normal",IF(AND(E22>=5.7,E22<=6.4),"Prediabetes",IF(E22>=6.5,"Diabetes"))) -> Diabetes | G22: No | H22: No | I22: No | J22: No major surgery | K22: Yes | L22: =IF($K$3:$K$2337="?","No",K22) -> Yes | M22: =IF(J22="No major surgery", 0,J22) -> 0
B23: Id21 | C23: 36.3 | D23: =IF(C23<18.5,"Underweight", IF(AND(C23>=18.5,C23<=24.9),"Healthy Weight", IF(AND(C23>=25,C23<=29.9),"Overweight", IF(C23>=30,"Obesity")))) -> Obesity | E23: 11.5 | F23: =IF(E23<5.7,"Normal",IF(AND(E23>=5.7,E23<=6.4),"Prediabetes",IF(E23>=6.5,"Diabetes"))) -> Diabetes | G23: Yes | H23: No | I23: No | J23: 2 | K23: Yes | L23: =IF($K$3:$K$2337="?","No",K23) -> Yes | M23: =IF(J23="No major surgery", 0,J23) -> 2
B24: Id22 | C24: 32.2 | D24: =IF(C24<18.5,"Underweight", IF(AND(C24>=18.5,C24<=24.9),"Healthy Weight", IF(AND(C24>=25,C24<=29.9),"Overweight", IF(C24>=30,"Obesity")))) -> Obesity | E24: 6.22 | F24: =IF(E24<5.7,"Normal",IF(AND(E24>=5.7,E24<=6.4),"Prediabetes",IF(E24>=6.5,"Diabetes"))) -> Prediabetes | G24: Yes | H24: No | I24: No | J24: 2 | K24: Yes | L24: =IF($K$3:$K$2337="?","No",K24) -> Yes | M24: =IF(J24="No major surgery", 0,J24) -> 2
B25: Id23 | C25: 31.3 | D25: =IF(C25<18.5,"Underweight", IF(AND(C25>=18.5,C25<=24.9),"Healthy Weight", IF(AND(C25>=25,C25<=29.9),"Overweight", IF(C25>=30,"Obesity")))) -> Obesity | E25: 11.38 | F25: =IF(E25<5.7,"Normal",IF(AND(E25>=5.7,E25<=6.4),"Prediabetes",IF(E25>=6.5,"Diabetes"))) -> Diabetes | G25: No | H25: No | I25: No | J25: 3 | K25: Yes | L25: =IF($K$3:$K$2337="?","No",K25) -> Yes | M25: =IF(J25="No major surgery", 0,J25) -> 3
B26: Id24 | C26: 41.8 | D26: =IF(C26<18.5,"Underweight", IF(AND(C26>=18.5,C26<=24.9),"Healthy Weight", IF(AND(C26>=25,C26<=29.9),"Overweight", IF(C26>=30,"Obesity")))) -> Obesity | E26: 7.89 | F26: =IF(E26<5.7,"Normal",IF(AND(E26>=5.7,E26<=6.4),"Prediabetes",IF(E26>=6.5,"Diabetes"))) -> Diabetes | G26: Yes | H26: No | I26: No | J26: 2 | K26: Yes | L26: =IF($K$3:$K$2337="?","No",K26) -> Yes | M26: =IF(J26="No major surgery", 0,J26) -> 2
B27: Id25 | C27: 35.09 | D27: =IF(C27<18.5,"Underweight", IF(AND(C27>=18.5,C27<=24.9),"Healthy Weight", IF(AND(C27>=25,C27<=29.9),"Overweight", IF(C27>=30,"Obesity")))) -> Obesity | E27: 4.38 | F27: =IF(E27<5.7,"Normal",IF(AND(E27>=5.7,E27<=6.4),"Prediabetes",IF(E27>=6.5,"Diabetes"))) -> Normal | G27: Yes | H27: No | I27: No | J27: 2 | K27: Yes | L27: =IF($K$3:$K$2337="?","No",K27) -> Yes | M27: =IF(J27="No major surgery", 0,J27) -> 2
B28: Id26 | C28: 33.88 | D28: =IF(C28<18.5,"Underweight", IF(AND(C28>=18.5,C28<=24.9),"Healthy Weight", IF(AND(C28>=25,C28<=29.9),"Overweight", IF(C28>=30,"Obesity")))) -> Obesity | E28: 7.01 | F28: =IF(E28<5.7,"Normal",IF(AND(E28>=5.7,E28<=6.4),"Prediabetes",IF(E28>=6.5,"Diabetes"))) -> Diabetes | G28: No | H28: No | I28: No | J28: 3 | K28: Yes | L28: =IF($K$3:$K$2337="?","No",K28) -> Yes | M28: =IF(J28="No major surgery", 0,J28) -> 3
B29: Id27 | C29: 30.875 | D29: =IF(C29<18.5,"Underweight", IF(AND(C29>=18.5,C29<=24.9),"Healthy Weight", IF(AND(C29>=25,C29<=29.9),"Overweight", IF(C29>=30,"Obesity")))) -> Obesity | E29: 11.88 | F29: =IF(E29<5.7,"Normal",IF(AND(E29>=5.7,E29<=6.4),"Prediabetes",IF(E29>=6.5,"Diabetes"))) -> Diabetes | G29: No | H29: No | I29: No | J29: No major surgery | K29: Yes | L29: =IF($K$3:$K$2337="?","No",K29) -> Yes | M29: =IF(J29="No major surgery", 0,J29) -> 0
B30: Id28 | C30: 36.86 | D30: =IF(C30<18.5,"Underweight", IF(AND(C30>=18.5,C30<=24.9),"Healthy Weight", IF(AND(C30>=25,C30<=29.9),"Overweight", IF(C30>=30,"Obesity")))) -> Obesity | E30: 5.19 | F30: =IF(E30<5.7,"Normal",IF(AND(E30>=5.7,E30<=6.4),"Prediabetes",IF(E30>=6.5,"Diabetes"))) -> Normal | G30: Yes | H30: No | I30: Yes | J30: 1 | K30: Yes | L30: =IF($K$3:$K$2337="?","No",K30) -> Yes | M30: =IF(J30="No major surgery", 0,J30) -> 1
B31: Id29 | C31: 35.86 | D31: =IF(C31<18.5,"Underweight", IF(AND(C31>=18.5,C31<=24.9),"Healthy Weight", IF(AND(C31>=25,C31<=29.9),"Overweight", IF(C31>=30,"Obesity")))) -> Obesity | E31: 6.74 | F31: =IF(E31<5.7,"Normal",IF(AND(E31>=5.7,E31<=6.4),"Prediabetes",IF(E31>=6.5,"Diabetes"))) -> Diabetes | G31: Yes | H31: No | I31: No | J31: 2 | K31: Yes | L31: =IF($K$3:$K$2337="?","No",K31) -> Yes | M31: =IF(J31="No major surgery", 0,J31) -> 2
B32: Id30 | C32: 37.05 | D32: =IF(C32<18.5,"Underweight", IF(AND(C32>=18.5,C32<=24.9),"Healthy Weight", IF(AND(C32>=25,C32<=29.9),"Overweight", IF(C32>=30,"Obesity")))) -> Obesity | E32: 8.44 | F32: =IF(E32<5.7,"Normal",IF(AND(E32>=5.7,E32<=6.4),"Prediabetes",IF(E32>=6.5,"Diabetes"))) -> Diabetes | G32: No | H32: No | I32: No | J32: No major surgery | K32: Yes | L32: =IF($K$3:$K$2337="?","No",K32) -> Yes | M32: =IF(J32="No major surgery", 0,J32) -> 0
B33: Id31 | C33: 43.89 | D33: =IF(C33<18.5,"Underweight", IF(AND(C33>=18.5,C33<=24.9),"Healthy Weight", IF(AND(C33>=25,C33<=29.9),"Overweight", IF(C33>=30,"Obesity")))) -> Obesity | E33: 8.71 | F33: =IF(E33<5.7,"Normal",IF(AND(E33>=5.7,E33<=6.4),"Prediabetes",IF(E33>=6.5,"Diabetes"))) -> Diabetes | G33: No | H33: No | I33: No | J33: No major surgery | K33: Yes | L33: =IF($K$3:$K$2337="?","No",K33) -> Yes | M33: =IF(J33="No major surgery", 0,J33) -> 0
B34: Id32 | C34: 42.35 | D34: =IF(C34<18.5,"Underweight", IF(AND(C34>=18.5,C34<=24.9),"Healthy Weight", IF(AND(C34>=25,C34<=29.9),"Overweight", IF(C34>=30,"Obesity")))) -> Obesity | E34: 5.08 | F34: =IF(E34<5.7,"Normal",IF(AND(E34>=5.7,E34<=6.4),"Prediabetes",IF(E34>=6.5,"Diabetes"))) -> Normal | G34: Yes | H34: No | I34: No | J34: No major surgery | K34: Yes | L34: =IF($K$3:$K$2337="?","No",K34) -> Yes | M34: =IF(J34="No major surgery", 0,J34) -> 0
B35: Id33 | C35: 31.35 | D35: =IF(C35<18.5,"Underweight", IF(AND(C35>=18.5,C35<=24.9),"Healthy Weight", IF(AND(C35>=25,C35<=29.9),"Overweight", IF(C35>=30,"Obesity")))) -> Obesity | E35: 6.86 | F35: =IF(E35<5.7,"Normal",IF(AND(E35>=5.7,E35<=6.4),"Prediabetes",IF(E35>=6.5,"Diabetes"))) -> Diabetes | G35: No | H35: No | I35: No | J35: No major surgery | K35: Yes | L35: =IF($K$3:$K$2337="?","No",K35) -> Yes | M35: =IF(J35="No major surgery", 0,J35) -> 0
B36: Id34 | C36: 47.6 | D36: =IF(C36<18.5,"Underweight", IF(AND(C36>=18.5,C36<=24.9),"Healthy Weight", IF(AND(C36>=25,C36<=29.9),"Overweight", IF(C36>=30,"Obesity")))) -> Obesity | E36: 5.95 | F36: =IF(E36<5.7,"Normal",IF(AND(E36>=5.7,E36<=6.4),"Prediabetes",IF(E36>=6.5,"Diabetes"))) -> Prediabetes | G36: Yes | H36: No | I36: No | J36: No major surgery | K36: Yes | L36: =IF($K$3:$K$2337="?","No",K36) -> Yes | M36: =IF(J36="No major surgery", 0,J36) -> 0
B37: Id35 | C37: 46.2 | D37: =IF(C37<18.5,"Underweight", IF(AND(C37>=18.5,C37<=24.9),"Healthy Weight", IF(AND(C37>=25,C37<=29.9),"Overweight", IF(C37>=30,"Obesity")))) -> Obesity | E37: 6.09 | F37: =IF(E37<5.7,"Normal",IF(AND(E37>=5.7,E37<=6.4),"Prediabetes",IF(E37>=6.5,"Diabetes"))) -> Prediabetes | G37: No | H37: No | I37: Yes | J37: 1 | K37: Yes | L37: =IF($K$3:$K$2337="?","No",K37) -> Yes | M37: =IF(J37="No major surgery", 0,J37) -> 1
B38: Id36 | C38: 32.015 | D38: =IF(C38<18.5,"Underweight", IF(AND(C38>=18.5,C38<=24.9),"Healthy Weight", IF(AND(C38>=25,C38<=29.9),"Overweight", IF(C38>=30,"Obesity")))) -> Obesity | E38: 11.75 | F38: =IF(E38<5.7,"Normal",IF(AND(E38>=5.7,E38<=6.4),"Prediabetes",IF(E38>=6.5,"Diabetes"))) -> Diabetes | G38: No | H38: No | I38: No | J38: No major surgery | K38: Yes | L38: =IF($K$3:$K$2337="?","No",K38) -> Yes | M38: =IF(J38="No major surgery", 0,J38) -> 0
B39: Id37 | C39: 40.565 | D39: =IF(C39<18.5,"Underweight", IF(AND(C39>=18.5,C39<=24.9),"Healthy Weight", IF(AND(C39>=25,C39<=29.9),"Overweight", IF(C39>=30,"Obesity")))) -> Obesity | E39: 7.37 | F39: =IF(E39<5.7,"Normal",IF(AND(E39>=5.7,E39<=6.4),"Prediabetes",IF(E39>=6.5,"Diabetes"))) -> Diabetes | G39: No | H39: No | I39: No | J39: No major surgery | K39: Yes | L39: =IF($K$3:$K$2337="?","No",K39) -> Yes | M39: =IF(J39="No major surgery", 0,J39) -> 0
B40: Id38 | C40: 32.45 | D40: =IF(C40<18.5,"Underweight", IF(AND(C40>=18.5,C40<=24.9),"Healthy Weight", IF(AND(C40>=25,C40<=29.9),"Overweight", IF(C40>=30,"Obesity")))) -> Obesity | E40: 11.91 | F40: =IF(E40<5.7,"Normal",IF(AND(E40>=5.7,E40<=6.4),"Prediabetes",IF(E40>=6.5,"Diabetes"))) -> Diabetes | G40: No | H40: No | I40: No | J40: No major surgery | K40: Yes | L40: =IF($K$3:$K$2337="?","No",K40) -> Yes | M40: =IF(J40="No major surgery", 0,J40) -> 0
B41: Id39 | C41: 34.96 | D41: =IF(C41<18.5,"Underweight", IF(AND(C41>=18.5,C41<=24.9),"Healthy Weight", IF(AND(C41>=25,C41<=29.9),"Overweight", IF(C41>=30,"Obesity")))) -> Obesity | E41: 6.52 | F41: =IF(E41<5.7,"Normal",IF(AND(E41>=5.7,E41<=6.4),"Prediabetes",IF(E41>=6.5,"Diabetes"))) -> Diabetes | G41: No | H41: No | I41: No | J41: No major surgery | K41: Yes | L41: =IF($K$3:$K$2337="?","No",K41) -> Yes | M41: =IF(J41="No major surgery", 0,J41) -> 0
B42: Id40 | C42: 35.5 | D42: =IF(C42<18.5,"Underweight", IF(AND(C42>=18.5,C42<=24.9),"Healthy Weight", IF(AND(C42>=25,C42<=29.9),"Overweight", IF(C42>=30,"Obesity")))) -> Obesity | E42: 5.14 | F42: =IF(E42<5.7,"Normal",IF(AND(E42>=5.7,E42<=6.4),"Prediabetes",IF(E42>=6.5,"Diabetes"))) -> Normal | G42: No | H42: No | I42: Yes | J42: 1 | K42: Yes | L42: =IF($K$3:$K$2337="?","No",K42) -> Yes | M42: =IF(J42="No major surgery", 0,J42) -> 1
B43: Id41 | C43: 52.58 | D43: =IF(C43<18.5,"Underweight", IF(AND(C43>=18.5,C43<=24.9),"Healthy Weight", IF(AND(C43>=25,C43<=29.9),"Overweight", IF(C43>=30,"Obesity")))) -> Obesity | E43: 4.19 | F43: =IF(E43<5.7,"Normal",IF(AND(E43>=5.7,E43<=6.4),"Prediabetes",IF(E43>=6.5,"Diabetes"))) -> Normal | G43: No | H43: Yes | I43: No | J43: 1 | K43: Yes | L43: =IF($K$3:$K$2337="?","No",K43) -> Yes | M43: =IF(J43="No major surgery", 0,J43) -> 1
B44: Id42 | C44: 35.2 | D44: =IF(C44<18.5,"Underweight", IF(AND(C44>=18.5,C44<=24.9),"Healthy Weight", IF(AND(C44>=25,C44<=29.9),"Overweight", IF(C44>=30,"Obesity")))) -> Obesity | E44: 11.68 | F44: =IF(E44<5.7,"Normal",IF(AND(E44>=5.7,E44<=6.4),"Prediabetes",IF(E44>=6.5,"Diabetes"))) -> Diabetes | G44: Yes | H44: No | I44: No | J44: No major surgery | K44: Yes | L44: =IF($K$3:$K$2337="?","No",K44) -> Yes | M44: =IF(J44="No major surgery", 0,J44) -> 0
B45: Id43 | C45: 38.06 | D45: =IF(C45<18.5,"Underweight", IF(AND(C45>=18.5,C45<=24.9),"Healthy Weight", IF(AND(C45>=25,C45<=29.9),"Overweight", IF(C45>=30,"Obesity")))) -> Obesity | E45: 6.98 | F45: =IF(E45<5.7,"Normal",IF(AND(E45>=5.7,E45<=6.4),"Prediabetes",IF(E45>=6.5,"Diabetes"))) -> Diabetes | G45: No | H45: No | I45: No | J45: No major surgery | K45: Yes | L45: =IF($K$3:$K$2337="?","No",K45) -> Yes | M45: =IF(J45="No major surgery", 0,J45) -> 0
B46: Id44 | C46: 34.21 | D46: =IF(C46<18.5,"Underweight", IF(AND(C46>=18.5,C46<=24.9),"Healthy Weight", IF(AND(C46>=25,C46<=29.9),"Overweight", IF(C46>=30,"Obesity")))) -> Obesity | E46: 8.34 | F46: =IF(E46<5.7,"Normal",IF(AND(E46>=5.7,E46<=6.4),"Prediabetes",IF(E46>=6.5,"Diabetes"))) -> Diabetes | G46: No | H46: No | I46: No | J46: No major surgery | K46: Yes | L46: =IF($K$3:$K$2337="?","No",K46) -> Yes | M46: =IF(J46="No major surgery", 0,J46) -> 0
B47: Id45 | C47: 38.94 | D47: =IF(C47<18.5,"Underweight", IF(AND(C47>=18.5,C47<=24.9),"Healthy Weight", IF(AND(C47>=25,C47<=29.9),"Overweight", IF(C47>=30,"Obesity")))) -> Obesity | E47: 8.49 | F47: =IF(E47<5.7,"Normal",IF(AND(E47>=5.7,E47<=6.4),"Prediabetes",IF(E47>=6.5,"Diabetes"))) -> Diabetes | G47: Yes | H47: No | I47: No | J47: 1 | K47: Yes | L47: =IF($K$3:$K$2337="?","No",K47) -> Yes | M47: =IF(J47="No major surgery", 0,J47) -> 1
B48: Id46 | C48: 30.21 | D48: =IF(C48<18.5,"Underweight", IF(AND(C48>=18.5,C48<=24.9),"Healthy Weight", IF(AND(C48>=25,C48<=29.9),"Overweight", IF(C48>=30,"Obesity")))) -> Obesity | E48: 5.34 | F48: =IF(E48<5.7,"Normal",IF(AND(E48>=5.7,E48<=6.4),"Prediabetes",IF(E48>=6.5,"Diabetes"))) -> Normal | G48: Yes | H48: No | I48: No | J48: 1 | K48: Yes | L48: =IF($K$3:$K$2337="?","No",K48) -> Yes | M48: =IF(J48="No major surgery", 0,J48) -> 1
B49: Id47 | C49: 33.63 | D49: =IF(C49<18.5,"Underweight", IF(AND(C49>=18.5,C49<=24.9),"Healthy Weight", IF(AND(C49>=25,C49<=29.9),"Overweight", IF(C49>=30,"Obesity")))) -> Obesity | E49: 4.43 | F49: =IF(E49<5.7,"Normal",IF(AND(E49>=5.7,E49<=6.4),"Prediabetes",IF(E49>=6.5,"Diabetes"))) -> Normal | G49: Yes | H49: No | I49: No | J49: 2 | K49: Yes | L49: =IF($K$3:$K$2337="?","No",K49) -> Yes | M49: =IF(J49="No major surgery", 0,J49) -> 2
B50: Id48 | C50: 40.37 | D50: =IF(C50<18.5,"Underweight", IF(AND(C50>=18.5,C50<=24.9),"Healthy Weight", IF(AND(C50>=25,C50<=29.9),"Overweight", IF(C50>=30,"Obesity")))) -> Obesity | E50: 4.47 | F50: =IF(E50<5.7,"Normal",IF(AND(E50>=5.7,E50<=6.4),"Prediabetes",IF(E50>=6.5,"Diabetes"))) -> Normal | G50: No | H50: No | I50: No | J50: No major surgery | K50: Yes | L50: =IF($K$3:$K$2337="?","No",K50) -> Yes | M50: =IF(J50="No major surgery", 0,J50) -> 0
B51: Id49 | C51: 53.09 | D51: =IF(C51<18.5,"Underweight", IF(AND(C51>=18.5,C51<=24.9),"Healthy Weight", IF(AND(C51>=25,C51<=29.9),"Overweight", IF(C51>=30,"Obesity")))) -> Obesity | E51: 4.82 | F51: =IF(E51<5.7,"Normal",IF(AND(E51>=5.7,E51<=6.4),"Prediabetes",IF(E51>=6.5,"Diabetes"))) -> Normal | G51: Yes | H51: No | I51: No | J51: 2 | K51: Yes | L51: =IF($K$3:$K$2337="?","No",K51) -> Yes | M51: =IF(J51="No major surgery", 0,J51) -> 2
B52: Id50 | C52: 31.79 | D52: =IF(C52<18.5,"Underweight", IF(AND(C52>=18.5,C52<=24.9),"Healthy Weight", IF(AND(C52>=25,C52<=29.9),"Overweight", IF(C52>=30,"Obesity")))) -> Obesity | E52: 5.51 | F52: =IF(E52<5.7,"Normal",IF(AND(E52>=5.7,E52<=6.4),"Prediabetes",IF(E52>=6.5,"Diabetes"))) -> Normal | G52: Yes | H52: No | I52: No | J52: 2 | K52: Yes | L52: =IF($K$3:$K$2337="?","No",K52) -> Yes | M52: =IF(J52="No major surgery", 0,J52) -> 2
B53: Id51 | C53: 41.895 | D53: =IF(C53<18.5,"Underweight", IF(AND(C53>=18.5,C53<=24.9),"Healthy Weight", IF(AND(C53>=25,C53<=29.9),"Overweight", IF(C53>=30,"Obesity")))) -> Obesity | E53: 10.87 | F53: =IF(E53<5.7,"Normal",IF(AND(E53>=5.7,E53<=6.4),"Prediabetes",IF(E53>=6.5,"Diabetes"))) -> Diabetes | G53: Yes | H53: No | I53: No | J53: 1 | K53: Yes | L53: =IF($K$3:$K$2337="?","No",K53) -> Yes | M53: =IF(J53="No major surgery", 0,J53) -> 1
B54: Id52 | C54: 31.16 | D54: =IF(C54<18.5,"Underweight", IF(AND(C54>=18.5,C54<=24.9),"Healthy Weight", IF(AND(C54>=25,C54<=29.9),"Overweight", IF(C54>=30,"Obesity")))) -> Obesity | E54: 9.34 | F54: =IF(E54<5.7,"Normal",IF(AND(E54>=5.7,E54<=6.4),"Prediabetes",IF(E54>=6.5,"Diabetes"))) -> Diabetes | G54: No | H54: No | I54: No | J54: No major surgery | K54: Yes | L54: =IF($K$3:$K$2337="?","No",K54) -> Yes | M54: =IF(J54="No major surgery", 0,J54) -> 0
B55: Id53 | C55: 34.105 | D55: =IF(C55<18.5,"Underweight", IF(AND(C55>=18.5,C55<=24.9),"Healthy Weight", IF(AND(C55>=25,C55<=29.9),"Overweight", IF(C55>=30,"Obesity")))) -> Obesity | E55: 5.03 | F55: =IF(E55<5.7,"Normal",IF(AND(E55>=5.7,E55<=6.4),"Prediabetes",IF(E55>=6.5,"Diabetes"))) -> Normal | G55: Yes | H55: No | I55: Yes | J55: 1 | K55: Yes | L55: =IF($K$3:$K$2337="?","No",K55) -> Yes | M55: =IF(J55="No major surgery", 0,J55) -> 1
B56: Id54 | C56: 51.93 | D56: =IF(C56<18.5,"Underweight", IF(AND(C56>=18.5,C56<=24.9),"Healthy Weight", IF(AND(C56>=25,C56<=29.9),"Overweight", IF(C56>=30,"Obesity")))) -> Obesity | E56: 11.05 | F56: =IF(E56<5.7,"Normal",IF(AND(E56>=5.7,E56<=6.4),"Prediabetes",IF(E56>=6.5,"Diabetes"))) -> Diabetes | G56: No | H56: No | I56: No | J56: No major surgery | K56: Yes | L56: =IF($K$3:$K$2337="?","No",K56) -> Yes | M56: =IF(J56="No major surgery", 0,J56) -> 0
B57: Id55 | C57: 38.95 | D57: =IF(C57<18.5,"Underweight", IF(AND(C57>=18.5,C57<=24.9),"Healthy Weight", IF(AND(C57>=25,C57<=29.9),"Overweight", IF(C57>=30,"Obesity")))) -> Obesity | E57: 11.95 | F57: =IF(E57<5.7,"Normal",IF(AND(E57>=5.7,E57<=6.4),"Prediabetes",IF(E57>=6.5,"Diabetes"))) -> Diabetes | G57: No | H57: No | I57: No | J57: No major surgery | K57: Yes | L57: =IF($K$3:$K$2337="?","No",K57) -> Yes | M57: =IF(J57="No major surgery", 0,J57) -> 0
B58: Id56 | C58: 36.63 | D58: =IF(C58<18.5,"Underweight", IF(AND(C58>=18.5,C58<=24.9),"Healthy Weight", IF(AND(C58>=25,C58<=29.9),"Overweight", IF(C58>=30,"Obesity")))) -> Obesity | E58: 7.72 | F58: =IF(E58<5.7,"Normal",IF(AND(E58>=5.7,E58<=6.4),"Prediabetes",IF(E58>=6.5,"Diabetes"))) -> Diabetes | G58: Yes | H58: No | I58: No | J58: 1 | K58: Yes | L58: =IF($K$3:$K$2337="?","No",K58) -> Yes | M58: =IF(J58="No major surgery", 0,J58) -> 1
B59: Id57 | C59: 34.2 | D59: =IF(C59<18.5,"Underweight", IF(AND(C59>=18.5,C59<=24.9),"Healthy Weight", IF(AND(C59>=25,C59<=29.9),"Overweight", IF(C59>=30,"Obesity")))) -> Obesity | E59: 5.75 | F59: =IF(E59<5.7,"Normal",IF(AND(E59>=5.7,E59<=6.4),"Prediabetes",IF(E59>=6.5,"Diabetes"))) -> Prediabetes | G59: No | H59: No | I59: No | J59: 2 | K59: Yes | L59: =IF($K$3:$K$2337="?","No",K59) -> Yes | M59: =IF(J59="No major surgery", 0,J59) -> 2
B60: Id58 | C60: 50.63 | D60: =IF(C60<18.5,"Underweight", IF(AND(C60>=18.5,C60<=24.9),"Healthy Weight", IF(AND(C60>=25,C60<=29.9),"Overweight", IF(C60>=30,"Obesity")))) -> Obesity | E60: 11.89 | F60: =IF(E60<5.7,"Normal",IF(AND(E60>=5.7,E60<=6.4),"Prediabetes",IF(E60>=6.5,"Diabetes"))) -> Diabetes | G60: No | H60: No | I60: No | J60: No major surgery | K60: Yes | L60: =IF($K$3:$K$2337="?","No",K60) -> Yes | M60: =IF(J60="No major surgery", 0,J60) -> 0
B61: Id59 | C61: 36.48 | D61: =IF(C61<18.5,"Underweight", IF(AND(C61>=18.5,C61<=24.9),"Healthy Weight", IF(AND(C61>=25,C61<=29.9),"Overweight", IF(C61>=30,"Obesity")))) -> Obesity | E61: 6.2 | F61: =IF(E61<5.7,"Normal",IF(AND(E61>=5.7,E61<=6.4),"Prediabetes",IF(E61>=6.5,"Diabetes"))) -> Prediabetes | G61: No | H61: No | I61: No | J61: No major surgery | K61: Yes | L61: =IF($K$3:$K$2337="?","No",K61) -> Yes | M61: =IF(J61="No major surgery", 0,J61) -> 0
B62: Id60 | C62: 54.82 | D62: =IF(C62<18.5,"Underweight", IF(AND(C62>=18.5,C62<=24.9),"Healthy Weight", IF(AND(C62>=25,C62<=29.9),"Overweight", IF(C62>=30,"Obesity")))) -> Obesity | E62: 10.61 | F62: =IF(E62<5.7,"Normal",IF(AND(E62>=5.7,E62<=6.4),"Prediabetes",IF(E62>=6.5,"Diabetes"))) -> Diabetes | G62: No | H62: No | I62: No | J62: No major surgery | K62: Yes | L62: =IF($K$3:$K$2337="?","No",K62) -> Yes | M62: =IF(J62="No major surgery", 0,J62) -> 0
B63: Id61 | C63: 38.06 | D63: =IF(C63<18.5,"Underweight", IF(AND(C63>=18.5,C63<=24.9),"Healthy Weight", IF(AND(C63>=25,C63<=29.9),"Overweight", IF(C63>=30,"Obesity")))) -> Obesity | E63: 6.04 | F63: =IF(E63<5.7,"Normal",IF(AND(E63>=5.7,E63<=6.4),"Prediabetes",IF(E63>=6.5,"Diabetes"))) -> Prediabetes | G63: No | H63: No | I63: Yes | J63: 1 | K63: Yes | L63: =IF($K$3:$K$2337="?","No",K63) -> Yes | M63: =IF(J63="No major surgery", 0,J63) -> 1
B64: Id62 | C64: 51.48 | D64: =IF(C64<18.5,"Underweight", IF(AND(C64>=18.5,C64<=24.9),"Healthy Weight", IF(AND(C64>=25,C64<=29.9),"Overweight", IF(C64>=30,"Obesity")))) -> Obesity | E64: 9.33 | F64: =IF(E64<5.7,"Normal",IF(AND(E64>=5.7,E64<=6.4),"Prediabetes",IF(E64>=6.5,"Diabetes"))) -> Diabetes | G64: Yes | H64: No | I64: No | J64: No major surgery | K64: Yes | L64: =IF($K$3:$K$2337="?","No",K64) -> Yes | M64: =IF(J64="No major surgery", 0,J64) -> 0
B65: Id63 | C65: 52.06 | D65: =IF(C65<18.5,"Underweight", IF(AND(C65>=18.5,C65<=24.9),"Healthy Weight", IF(AND(C65>=25,C65<=29.9),"Overweight", IF(C65>=30,"Obesity")))) -> Obesity | E65: 11.47 | F65: =IF(E65<5.7,"Normal",IF(AND(E65>=5.7,E65<=6.4),"Prediabetes",IF(E65>=6.5,"Diabetes"))) -> Diabetes | G65: No | H65: No | I65: No | J65: No major surgery | K65: Yes | L65: =IF($K$3:$K$2337="?","No",K65) -> Yes | M65: =IF(J65="No major surgery", 0,J65) -> 0
B66: Id64 | C66: 30.685 | D66: =IF(C66<18.5,"Underweight", IF(AND(C66>=18.5,C66<=24.9),"Healthy Weight", IF(AND(C66>=25,C66<=29.9),"Overweight", IF(C66>=30,"Obesity")))) -> Obesity | E66: 7.02 | F66: =IF(E66<5.7,"Normal",IF(AND(E66>=5.7,E66<=6.4),"Prediabetes",IF(E66>=6.5,"Diabetes"))) -> Diabetes | G66: Yes | H66: No | I66: No | J66: No major surgery | K66: Yes | L66: =IF($K$3:$K$2337="?","No",K66) -> Yes | M66: =IF(J66="No major surgery", 0,J66) -> 0
B67: Id65 | C67: 36.08 | D67: =IF(C67<18.5,"Underweight", IF(AND(C67>=18.5,C67<=24.9),"Healthy Weight", IF(AND(C67>=25,C67<=29.9),"Overweight", IF(C67>=30,"Obesity")))) -> Obesity | E67: 8.8 | F67: =IF(E67<5.7,"Normal",IF(AND(E67>=5.7,E67<=6.4),"Prediabetes",IF(E67>=6.5,"Diabetes"))) -> Diabetes | G67: Yes | H67: No | I67: No | J67: 1 | K67: Yes | L67: =IF($K$3:$K$2337="?","No",K67) -> Yes | M67: =IF(J67="No major surgery", 0,J67) -> 1
B68: Id66 | C68: 54.99 | D68: =IF(C68<18.5,"Underweight", IF(AND(C68>=18.5,C68<=24.9),"Healthy Weight", IF(AND(C68>=25,C68<=29.9),"Overweight", IF(C68>=30,"Obesity")))) -> Obesity | E68: 8.68 | F68: =IF(E68<5.7,"Normal",IF(AND(E68>=5.7,E68<=6.4),"Prediabetes",IF(E68>=6.5,"Diabetes"))) -> Diabetes | G68: No | H68: No | I68: No | J68: 2 | K68: Yes | L68: =IF($K$3:$K$2337="?","No",K68) -> Yes | M68: =IF(J68="No major surgery", 0,J68) -> 2
B69: Id67 | C69: 35.97 | D69: =IF(C69<18.5,"Underweight", IF(AND(C69>=18.5,C69<=24.9),"Healthy Weight", IF(AND(C69>=25,C69<=29.9),"Overweight", IF(C69>=30,"Obesity")))) -> Obesity | E69: 6.12 | F69: =IF(E69<5.7,"Normal",IF(AND(E69>=5.7,E69<=6.4),"Prediabetes",IF(E69>=6.5,"Diabetes"))) -> Prediabetes | G69: No | H69: No | I69: Yes | J69: 1 | K69: Yes | L69: =IF($K$3:$K$2337="?","No",K69) -> Yes | M69: =IF(J69="No major surgery", 0,J69) -> 1
B70: Id68 | C70: 45.54 | D70: =IF(C70<18.5,"Underweight", IF(AND(C70>=18.5,C70<=24.9),"Healthy Weight", IF(AND(C70>=25,C70<=29.9),"Overweight", IF(C70>=30,"Obesity")))) -> Obesity | E70: 5.4 | F70: =IF(E70<5.7,"Normal",IF(AND(E70>=5.7,E70<=6.4),"Prediabetes",IF(E70>=6.5,"Diabetes"))) -> Normal | G70: Yes | H70: No | I70: Yes | J70: 1 | K70: Yes | L70: =IF($K$3:$K$2337="?","No",K70) -> Yes | M70: =IF(J70="No major surgery", 0,J70) -> 1
B71: Id69 | C71: 35.53 | D71: =IF(C71<18.5,"Underweight", IF(AND(C71>=18.5,C71<=24.9),"Healthy Weight", IF(AND(C71>=25,C71<=29.9),"Overweight", IF(C71>=30,"Obesity")))) -> Obesity | E71: 4.36 | F71: =IF(E71<5.7,"Normal",IF(AND(E71>=5.7,E71<=6.4),"Prediabetes",IF(E71>=6.5,"Diabetes"))) -> Normal | G71: Yes | H71: No | I71: No | J71: No major surgery | K71: Yes | L71: =IF($K$3:$K$2337="?","No",K71) -> Yes | M71: =IF(J71="No major surgery", 0,J71) -> 0
B72: Id70 | C72: 30.8 | D72: =IF(C72<18.5,"Underweight", IF(AND(C72>=18.5,C72<=24.9),"Healthy Weight", IF(AND(C72>=25,C72<=29.9),"Overweight", IF(C72>=30,"Obesity")))) -> Obesity | E72: 9.77 | F72: =IF(E72<5.7,"Normal",IF(AND(E72>=5.7,E72<=6.4),"Prediabetes",IF(E72>=6.5,"Diabetes"))) -> Diabetes | G72: No | H72: No | I72: No | J72: No major surgery | K72: Yes | L72: =IF($K$3:$K$2337="?","No",K72) -> Yes | M72: =IF(J72="No major surgery", 0,J72) -> 0
B73: Id71 | C73: 38.39 | D73: =IF(C73<18.5,"Underweight", IF(AND(C73>=18.5,C73<=24.9),"Healthy Weight", IF(AND(C73>=25,C73<=29.9),"Overweight", IF(C73>=30,"Obesity")))) -> Obesity | E73: 4.25 | F73: =IF(E73<5.7,"Normal",IF(AND(E73>=5.7,E73<=6.4),"Prediabetes",IF(E73>=6.5,"Diabetes"))) -> Normal | G73: No | H73: No | I73: No | J73: 1 | K73: Yes | L73: =IF($K$3:$K$2337="?","No",K73) -> Yes | M73: =IF(J73="No major surgery", 0,J73) -> 1
B74: Id72 | C74: 32.3 | D74: =IF(C74<18.5,"Underweight", IF(AND(C74>=18.5,C74<=24.9),"Healthy Weight", IF(AND(C74>=25,C74<=29.9),"Overweight", IF(C74>=30,"Obesity")))) -> Obesity | E74: 4.76 | F74: =IF(E74<5.7,"Normal",IF(AND(E74>=5.7,E74<=6.4),"Prediabetes",IF(E74>=6.5,"Diabetes"))) -> Normal | G74: No | H74: No | I74: No | J74: 2 | K74: Yes | L74: =IF($K$3:$K$2337="?","No",K74) -> Yes | M74: =IF(J74="No major surgery", 0,J74) -> 2
B75: Id73 | C75: 48.8 | D75: =IF(C75<18.5,"Underweight", IF(AND(C75>=18.5,C75<=24.9),"Healthy Weight", IF(AND(C75>=25,C75<=29.9),"Overweight", IF(C75>=30,"Obesity")))) -> Obesity | E75: 6.22 | F75: =IF(E75<5.7,"Normal",IF(AND(E75>=5.7,E75<=6.4),"Prediabetes",IF(E75>=6.5,"Diabetes"))) -> Prediabetes | G75: Yes | H75: No | I75: No | J75: 2 | K75: Yes | L75: =IF($K$3:$K$2337="?","No",K75) -> Yes | M75: =IF(J75="No major surgery", 0,J75) -> 2
B76: Id74 | C76: 45.5 | D76: =IF(C76<18.5,"Underweight", IF(AND(C76>=18.5,C76<=24.9),"Healthy Weight", IF(AND(C76>=25,C76<=29.9),"Overweight", IF(C76>=30,"Obesity")))) -> Obesity | E76: 7.96 | F76: =IF(E76<5.7,"Normal",IF(AND(E76>=5.7,E76<=6.4),"Prediabetes",IF(E76>=6.5,"Diabetes"))) -> Diabetes | G76: No | H76: No | I76: No | J76: No major surgery | K76: Yes | L76: =IF($K$3:$K$2337="?","No",K76) -> Yes | M76: =IF(J76="No major surgery", 0,J76) -> 0
B77: Id75 | C77: 53.61 | D77: =IF(C77<18.5,"Underweight", IF(AND(C77>=18.5,C77<=24.9),"Healthy Weight", IF(AND(C77>=25,C77<=29.9),"Overweight", IF(C77>=30,"Obesity")))) -> Obesity | E77: 10.92 | F77: =IF(E77<5.7,"Normal",IF(AND(E77>=5.7,E77<=6.4),"Prediabetes",IF(E77>=6.5,"Diabetes"))) -> Diabetes | G77: Yes | H77: No | I77: No | J77: 1 | K77: Yes | L77: =IF($K$3:$K$2337="?","No",K77) -> Yes | M77: =IF(J77="No major surgery", 0,J77) -> 1
B78: Id76 | C78: 36.19 | D78: =IF(C78<18.5,"Underweight", IF(AND(C78>=18.5,C78<=24.9),"Healthy Weight", IF(AND(C78>=25,C78<=29.9),"Overweight", IF(C78>=30,"Obesity")))) -> Obesity | E78: 11.51 | F78: =IF(E78<5.7,"Normal",IF(AND(E78>=5.7,E78<=6.4),"Prediabetes",IF(E78>=6.5,"Diabetes"))) -> Diabetes | G78: Yes | H78: No | I78: No | J78: 1 | K78: Yes | L78: =IF($K$3:$K$2337="?","No",K78) -> Yes | M78: =IF(J78="No major surgery", 0,J78) -> 1
B79: Id77 | C79: 34.6 | D79: =IF(C79<18.5,"Underweight", IF(AND(C79>=18.5,C79<=24.9),"Healthy Weight", IF(AND(C79>=25,C79<=29.9),"Overweight", IF(C79>=30,"Obesity")))) -> Obesity | E79: 5.99 | F79: =IF(E79<5.7,"Normal",IF(AND(E79>=5.7,E79<=6.4),"Prediabetes",IF(E79>=6.5,"Diabetes"))) -> Prediabetes | G79: Yes | H79: No | I79: No | J79: No major surgery | K79: Yes | L79: =IF($K$3:$K$2337="?","No",K79) -> Yes | M79: =IF(J79="No major surgery", 0,J79) -> 0
B80: Id78 | C80: 54.12 | D80: =IF(C80<18.5,"Underweight", IF(AND(C80>=18.5,C80<=24.9),"Healthy Weight", IF(AND(C80>=25,C80<=29.9),"Overweight", IF(C80>=30,"Obesity")))) -> Obesity | E80: 11.57 | F80: =IF(E80<5.7,"Normal",IF(AND(E80>=5.7,E80<=6.4),"Prediabetes",IF(E80>=6.5,"Diabetes"))) -> Diabetes | G80: No | H80: No | I80: No | J80: No major surgery | K80: Yes | L80: =IF($K$3:$K$2337="?","No",K80) -> Yes | M80: =IF(J80="No major surgery", 0,J80) -> 0
B81: Id79 | C81: 48.82 | D81: =IF(C81<18.5,"Underweight", IF(AND(C81>=18.5,C81<=24.9),"Healthy Weight", IF(AND(C81>=25,C81<=29.9),"Overweight", IF(C81>=30,"Obesity")))) -> Obesity | E81: 6.67 | F81: =IF(E81<5.7,"Normal",IF(AND(E81>=5.7,E81<=6.4),"Prediabetes",IF(E81>=6.5,"Diabetes"))) -> Diabetes | G81: Yes | H81: No | I81: No | J81: No major surgery | K81: Yes | L81: =IF($K$3:$K$2337="?","No",K81) -> Yes | M81: =IF(J81="No major surgery", 0,J81) -> 0
B82: Id80 | C82: 51.01 | D82: =IF(C82<18.5,"Underweight", IF(AND(C82>=18.5,C82<=24.9),"Healthy Weight", IF(AND(C82>=25,C82<=29.9),"Overweight", IF(C82>=30,"Obesity")))) -> Obesity | E82: 9.2 | F82: =IF(E82<5.7,"Normal",IF(AND(E82>=5.7,E82<=6.4),"Prediabetes",IF(E82>=6.5,"Diabetes"))) -> Diabetes | G82: No | H82: No | I82: No | J82: No major surgery | K82: Yes | L82: =IF($K$3:$K$2337="?","No",K82) -> Yes | M82: =IF(J82="No major surgery", 0,J82) -> 0
B83: Id81 | C83: 45.65 | D83: =IF(C83<18.5,"Underweight", IF(AND(C83>=18.5,C83<=24.9),"Healthy Weight", IF(AND(C83>=25,C83<=29.9),"Overweight", IF(C83>=30,"Obesity")))) -> Obesity | E83: 5.11 | F83: =IF(E83<5.7,"Normal",IF(AND(E83>=5.7,E83<=6.4),"Prediabetes",IF(E83>=6.5,"Diabetes"))) -> Normal | G83: Yes | H83: No | I83: No | J83: 1 | K83: Yes | L83: =IF($K$3:$K$2337="?","No",K83) -> Yes | M83: =IF(J83="No major surgery", 0,J83) -> 1
B84: Id82 | C84: 52.9 | D84: =IF(C84<18.5,"Underweight", IF(AND(C84>=18.5,C84<=24.9),"Healthy Weight", IF(AND(C84>=25,C84<=29.9),"Overweight", IF(C84>=30,"Obesity")))) -> Obesity | E84: 5.34 | F84: =IF(E84<5.7,"Normal",IF(AND(E84>=5.7,E84<=6.4),"Prediabetes",IF(E84>=6.5,"Diabetes"))) -> Normal | G84: No | H84: No | I84: No | J84: No major surgery | K84: Yes | L84: =IF($K$3:$K$2337="?","No",K84) -> Yes | M84: =IF(J84="No major surgery", 0,J84) -> 0
B85: Id83 | C85: 45.41 | D85: =IF(C85<18.5,"Underweight", IF(AND(C85>=18.5,C85<=24.9),"Healthy Weight", IF(AND(C85>=25,C85<=29.9),"Overweight", IF(C85>=30,"Obesity")))) -> Obesity | E85: 4.03 | F85: =IF(E85<5.7,"Normal",IF(AND(E85>=5.7,E85<=6.4),"Prediabetes",IF(E85>=6.5,"Diabetes"))) -> Normal | G85: Yes | H85: No | I85: No | J85: 1 | K85: Yes | L85: =IF($K$3:$K$2337="?","No",K85) -> Yes | M85: =IF(J85="No major surgery", 0,J85) -> 1
B86: Id84 | C86: 49.41 | D86: =IF(C86<18.5,"Underweight", IF(AND(C86>=18.5,C86<=24.9),"Healthy Weight", IF(AND(C86>=25,C86<=29.9),"Overweight", IF(C86>=30,"Obesity")))) -> Obesity | E86: 4.23 | F86: =IF(E86<5.7,"Normal",IF(AND(E86>=5.7,E86<=6.4),"Prediabetes",IF(E86>=6.5,"Diabetes"))) -> Normal | G86: Yes | H86: No | I86: Yes | J86: 1 | K86: Yes | L86: =IF($K$3:$K$2337="?","No",K86) -> Yes | M86: =IF(J86="No major surgery", 0,J86) -> 1
B87: Id85 | C87: 31.825 | D87: =IF(C87<18.5,"Underweight", IF(AND(C87>=18.5,C87<=24.9),"Healthy Weight", IF(AND(C87>=25,C87<=29.9),"Overweight", IF(C87>=30,"Obesity")))) -> Obesity | E87: 4.06 | F87: =IF(E87<5.7,"Normal",IF(AND(E87>=5.7,E87<=6.4),"Prediabetes",IF(E87>=6.5,"Diabetes"))) -> Normal | G87: No | H87: No | I87: No | J87: 2 | K87: Yes | L87: =IF($K$3:$K$2337="?","No",K87) -> Yes | M87: =IF(J87="No major surgery", 0,J87) -> 2
B88: Id86 | C88: 51.28 | D88: =IF(C88<18.5,"Underweight", IF(AND(C88>=18.5,C88<=24.9),"Healthy Weight", IF(AND(C88>=25,C88<=29.9),"Overweight", IF(C88>=30,"Obesity")))) -> Obesity | E88: 4.68 | F88: =IF(E88<5.7,"Normal",IF(AND(E88>=5.7,E88<=6.4),"Prediabetes",IF(E88>=6.5,"Diabetes"))) -> Normal | G88: No | H88: No | I88: No | J88: 2 | K88: Yes | L88: =IF($K$3:$K$2337="?","No",K88) -> Yes | M88: =IF(J88="No major surgery", 0,J88) -> 2
B89: Id87 | C89: 34.96 | D89: =IF(C89<18.5,"Underweight", IF(AND(C89>=18.5,C89<=24.9),"Healthy Weight", IF(AND(C89>=25,C89<=29.9),"Overweight", IF(C89>=30,"Obesity")))) -> Obesity | E89: 4.34 | F89: =IF(E89<5.7,"Normal",IF(AND(E89>=5.7,E89<=6.4),"Prediabetes",IF(E89>=6.5,"Diabetes"))) -> Normal | G89: No | H89: No | I89: Yes | J89: 1 | K89: Yes | L89: =IF($K$3:$K$2337="?","No",K89) -> Yes | M89: =IF(J89="No major surgery", 0,J89) -> 1
B90: Id88 | C90: 33.11 | D90: =IF(C90<18.5,"Underweight", IF(AND(C90>=18.5,C90<=24.9),"Healthy Weight", IF(AND(C90>=25,C90<=29.9),"Overweight", IF(C90>=30,"Obesity")))) -> Obesity | E90: 10.51 | F90: =IF(E90<5.7,"Normal",IF(AND(E90>=5.7,E90<=6.4),"Prediabetes",IF(E90>=6.5,"Diabetes"))) -> Diabetes | G90: No | H90: No | I90: No | J90: No major surgery | K90: Yes | L90: =IF($K$3:$K$2337="?","No",K90) -> Yes | M90: =IF(J90="No major surgery", 0,J90) -> 0
B91: Id89 | C91: 54.74 | D91: =IF(C91<18.5,"Underweight", IF(AND(C91>=18.5,C91<=24.9),"Healthy Weight", IF(AND(C91>=25,C91<=29.9),"Overweight", IF(C91>=30,"Obesity")))) -> Obesity | E91: 5.84 | F91: =IF(E91<5.7,"Normal",IF(AND(E91>=5.7,E91<=6.4),"Prediabetes",IF(E91>=6.5,"Diabetes"))) -> Prediabetes | G91: Yes | H91: No | I91: Yes | J91: 1 | K91: Yes | L91: =IF($K$3:$K$2337="?","No",K91) -> Yes | M91: =IF(J91="No major surgery", 0,J91) -> 1
B92: Id90 | C92: 32.56 | D92: =IF(C92<18.5,"Underweight", IF(AND(C92>=18.5,C92<=24.9),"Healthy Weight", IF(AND(C92>=25,C92<=29.9),"Overweight", IF(C92>=30,"Obesity")))) -> Obesity | E92: 5.41 | F92: =IF(E92<5.7,"Normal",IF(AND(E92>=5.7,E92<=6.4),"Prediabetes",IF(E92>=6.5,"Diabetes"))) -> Normal | G92: No | H92: No | I92: Yes | J92: 1 | K92: Yes | L92: =IF($K$3:$K$2337="?","No",K92) -> Yes | M92: =IF(J92="No major surgery", 0,J92) -> 1
B93: Id91 | C93: 39.05 | D93: =IF(C93<18.5,"Underweight", IF(AND(C93>=18.5,C93<=24.9),"Healthy Weight", IF(AND(C93>=25,C93<=29.9),"Overweight", IF(C93>=30,"Obesity")))) -> Obesity | E93: 6.06 | F93: =IF(E93<5.7,"Normal",IF(AND(E93>=5.7,E93<=6.4),"Prediabetes",IF(E93>=6.5,"Diabetes"))) -> Prediabetes | G93: No | H93: No | I93: No | J93: 1 | K93: Yes | L93: =IF($K$3:$K$2337="?","No",K93) -> Yes | M93: =IF(J93="No major surgery", 0,J93) -> 1
B94: Id92 | C94: 42.75 | D94: =IF(C94<18.5,"Underweight", IF(AND(C94>=18.5,C94<=24.9),"Healthy Weight", IF(AND(C94>=25,C94<=29.9),"Overweight", IF(C94>=30,"Obesity")))) -> Obesity | E94: 4.22 | F94: =IF(E94<5.7,"Normal",IF(AND(E94>=5.7,E94<=6.4),"Prediabetes",IF(E94>=6.5,"Diabetes"))) -> Normal | G94: No | H94: No | I94: No | J94: No major surgery | K94: Yes | L94: =IF($K$3:$K$2337="?","No",K94) -> Yes | M94: =IF(J94="No major surgery", 0,J94) -> 0
B95: Id93 | C95: 50.58 | D95: =IF(C95<18.5,"Underweight", IF(AND(C95>=18.5,C95<=24.9),"Healthy Weight", IF(AND(C95>=25,C95<=29.9),"Overweight", IF(C95>=30,"Obesity")))) -> Obesity | E95: 5.12 | F95: =IF(E95<5.7,"Normal",IF(AND(E95>=5.7,E95<=6.4),"Prediabetes",IF(E95>=6.5,"Diabetes"))) -> Normal | G95: No | H95: No | I95: No | J95: 2 | K95: Yes | L95: =IF($K$3:$K$2337="?","No",K95) -> Yes | M95: =IF(J95="No major surgery", 0,J95) -> 2
B96: Id94 | C96: 30.495 | D96: =IF(C96<18.5,"Underweight", IF(AND(C96>=18.5,C96<=24.9),"Healthy Weight", IF(AND(C96>=25,C96<=29.9),"Overweight", IF(C96>=30,"Obesity")))) -> Obesity | E96: 4.57 | F96: =IF(E96<5.7,"Normal",IF(AND(E96>=5.7,E96<=6.4),"Prediabetes",IF(E96>=6.5,"Diabetes"))) -> Normal | G96: Yes | H96: No | I96: No | J96: No major surgery | K96: Yes | L96: =IF($K$3:$K$2337="?","No",K96) -> Yes | M96: =IF(J96="No major surgery", 0,J96) -> 0
B97: Id95 | C97: 48.31 | D97: =IF(C97<18.5,"Underweight", IF(AND(C97>=18.5,C97<=24.9),"Healthy Weight", IF(AND(C97>=25,C97<=29.9),"Overweight", IF(C97>=30,"Obesity")))) -> Obesity | E97: 9.58 | F97: =IF(E97<5.7,"Normal",IF(AND(E97>=5.7,E97<=6.4),"Prediabetes",IF(E97>=6.5,"Diabetes"))) -> Diabetes | G97: Yes | H97: No | I97: No | J97: 2 | K97: Yes | L97: =IF($K$3:$K$2337="?","No",K97) -> Yes | M97: =IF(J97="No major surgery", 0,J97) -> 2
B98: Id96 | C98: 48.99 | D98: =IF(C98<18.5,"Underweight", IF(AND(C98>=18.5,C98<=24.9),"Healthy Weight", IF(AND(C98>=25,C98<=29.9),"Overweight", IF(C98>=30,"Obesity")))) -> Obesity | E98: 9.78 | F98: =IF(E98<5.7,"Normal",IF(AND(E98>=5.7,E98<=6.4),"Prediabetes",IF(E98>=6.5,"Diabetes"))) -> Diabetes | G98: Yes | H98: No | I98: No | J98: 1 | K98: Yes | L98: =IF($K$3:$K$2337="?","No",K98) -> Yes | M98: =IF(J98="No major surgery", 0,J98) -> 1
B99: Id97 | C99: 38.39 | D99: =IF(C99<18.5,"Underweight", IF(AND(C99>=18.5,C99<=24.9),"Healthy Weight", IF(AND(C99>=25,C99<=29.9),"Overweight", IF(C99>=30,"Obesity")))) -> Obesity | E99: 4.11 | F99: =IF(E99<5.7,"Normal",IF(AND(E99>=5.7,E99<=6.4),"Prediabetes",IF(E99>=6.5,"Diabetes"))) -> Normal | G99: Yes | H99: No | I99: No | J99: No major surgery | K99: Yes | L99: =IF($K$3:$K$2337="?","No",K99) -> Yes | M99: =IF(J99="No major surgery", 0,J99) -> 0
B100: Id98 | C100: 44.34 | D100: =IF(C100<18.5,"Underweight", IF(AND(C100>=18.5,C100<=24.9),"Healthy Weight", IF(AND(C100>=25,C100<=29.9),"Overweight", IF(C100>=30,"Obesity")))) -> Obesity | E100: 4.02 | F100: =IF(E100<5.7,"Normal",IF(AND(E100>=5.7,E100<=6.4),"Prediabetes",IF(E100>=6.5,"Diabetes"))) -> Normal | G100: Yes | H100: No | I100: No | J100: 2 | K100: Yes | L100: =IF($K$3:$K$2337="?","No",K100) -> Yes | M100: =IF(J100="No major surgery", 0,J100) -> 2
B101: Id99 | C101: 41.51 | D101: =IF(C101<18.5,"Underweight", IF(AND(C101>=18.5,C101<=24.9),"Healthy Weight", IF(AND(C101>=25,C101<=29.9),"Overweight", IF(C101>=30,"Obesity")))) -> Obesity | E101: 6.92 | F101: =IF(E101<5.7,"Normal",IF(AND(E101>=5.7,E101<=6.4),"Prediabetes",IF(E101>=6.5,"Diabetes"))) -> Diabetes | G101: No | H101: No | I101: No | J101: No major surgery | K101: Yes | L101: =IF($K$3:$K$2337="?","No",K101) -> Yes | M101: =IF(J101="No major surgery", 0,J101) -> 0
...

Sheet Hospitalisation Details
B2: CUSTOMER ID | C2: YEAR | D2: MONTH | E2: DATE | F2: CHILDREN | G2: CHARGES | H2: HOSPITAL TIER | I2: CITY TIER | J2: STATE ID | K2: MONTH IMPUTED | L2: YEAR IMPUTED | M2: HOSPITAL TIER IMPUTED | N2: CITY TIER IMPUTED | O2: DATE OF BIRTH | P2: AGE
B3: Id2335 | C3: 1992 | D3: Jul | E3: 9 | F3: 0 | G3: 563.84 | H3: tier - 2 | I3: tier - 3 | J3: R1013 | K3: =IF(D3="?", "Sep",D3) -> Jul | L3: =IF(C3="?","1983",C3) -> 1992 | M3: =IF(H3="?", "tier - 2",H3) -> tier - 2 | N3: =IF(I3="?", "tier - 2", I3) -> tier - 3 | O3: =CONCATENATE(E3&"-"&K3&"-"&L3) -> 9-Jul-1992 | P3: =2023-L3 -> 31
B4: Id2334 | C4: 1992 | D4: Nov | E4: 30 | F4: 0 | G4: 570.62 | H4: tier - 2 | I4: tier - 1 | J4: R1013 | K4: =IF(D4="?", "Sep",D4) -> Nov | L4: =IF(C4="?","1983",C4) -> 1992 | M4: =IF(H4="?", "tier - 2",H4) -> tier - 2 | N4: =IF(I4="?", "tier - 2", I4) -> tier - 1 | O4: =CONCATENATE(E4&"-"&K4&"-"&L4) -> 30-Nov-1992 | P4: =2023-L4 -> 31
B5: Id2333 | C5: 1993 | D5: Jun | E5: 30 | F5: 0 | G5: 600 | H5: tier - 2 | I5: tier - 1 | J5: R1013 | K5: =IF(D5="?", "Sep",D5) -> Jun | L5: =IF(C5="?","1983",C5) -> 1993 | M5: =IF(H5="?", "tier - 2",H5) -> tier - 2 | N5: =IF(I5="?", "tier - 2", I5) -> tier - 1 | O5: =CONCATENATE(E5&"-"&K5&"-"&L5) -> 30-Jun-1993 | P5: =2023-L5 -> 30
B6: Id2332 | C6: 1992 | D6: Sep | E6: 13 | F6: 0 | G6: 604.54 | H6: tier - 3 | I6: tier - 3 | J6: R1013 | K6: =IF(D6="?", "Sep",D6) -> Sep | L6: =IF(C6="?","1983",C6) -> 1992 | M6: =IF(H6="?", "tier - 2",H6) -> tier - 3 | N6: =IF(I6="?", "tier - 2", I6) -> tier - 3 | O6: =CONCATENATE(E6&"-"&K6&"-"&L6) -> 13-Sep-1992 | P6: =2023-L6 -> 31
B7: Id2331 | C7: 1998 | D7: Jul | E7: 27 | F7: 0 | G7: 637.26 | H7: tier - 3 | I7: tier - 3 | J7: R1013 | K7: =IF(D7="?", "Sep",D7) -> Jul | L7: =IF(C7="?","1983",C7) -> 1998 | M7: =IF(H7="?", "tier - 2",H7) -> tier - 3 | N7: =IF(I7="?", "tier - 2", I7) -> tier - 3 | O7: =CONCATENATE(E7&"-"&K7&"-"&L7) -> 27-Jul-1998 | P7: =2023-L7 -> 25
B8: Id2330 | C8: 2001 | D8: Nov | E8: 20 | F8: 0 | G8: 646.14 | H8: tier - 3 | I8: tier - 3 | J8: R1012 | K8: =IF(D8="?", "Sep",D8) -> Nov | L8: =IF(C8="?","1983",C8) -> 2001 | M8: =IF(H8="?", "tier - 2",H8) -> tier - 3 | N8: =IF(I8="?", "tier - 2", I8) -> tier - 3 | O8: =CONCATENATE(E8&"-"&K8&"-"&L8) -> 20-Nov-2001 | P8: =2023-L8 -> 22
B9: Id2329 | C9: 1993 | D9: Jun | E9: 1 | F9: 0 | G9: 650 | H9: tier - 3 | I9: tier - 3 | J9: R1013 | K9: =IF(D9="?", "Sep",D9) -> Jun | L9: =IF(C9="?","1983",C9) -> 1993 | M9: =IF(H9="?", "tier - 2",H9) -> tier - 3 | N9: =IF(I9="?", "tier - 2", I9) -> tier - 3 | O9: =CONCATENATE(E9&"-"&K9&"-"&L9) -> 1-Jun-1993 | P9: =2023-L9 -> 30
B10: Id2328 | C10: 1995 | D10: Jul | E10: 4 | F10: 0 | G10: 650 | H10: tier - 3 | I10: tier - 3 | J10: R1013 | K10: =IF(D10="?", "Sep",D10) -> Jul | L10: =IF(C10="?","1983",C10) -> 1995 | M10: =IF(H10="?", "tier - 2",H10) -> tier - 3 | N10: =IF(I10="?", "tier - 2", I10) -> tier - 3 | O10: =CONCATENATE(E10&"-"&K10&"-"&L10) -> 4-Jul-1995 | P10: =2023-L10 -> 28
B11: Id2327 | C11: 2002 | D11: Nov | E11: 29 | F11: 0 | G11: 668 | H11: tier - 3 | I11: tier - 2 | J11: R1012 | K11: =IF(D11="?", "Sep",D11) -> Nov | L11: =IF(C11="?","1983",C11) -> 2002 | M11: =IF(H11="?", "tier - 2",H11) -> tier - 3 | N11: =IF(I11="?", "tier - 2", I11) -> tier - 2 | O11: =CONCATENATE(E11&"-"&K11&"-"&L11) -> 29-Nov-2002 | P11: =2023-L11 -> 21
B12: Id2326 | C12: 1997 | D12: Nov | E12: 9 | F12: 0 | G12: 670 | H12: tier - 3 | I12: tier - 3 | J12: R1013 | K12: =IF(D12="?", "Sep",D12) -> Nov | L12: =IF(C12="?","1983",C12) -> 1997 | M12: =IF(H12="?", "tier - 2",H12) -> tier - 3 | N12: =IF(I12="?", "tier - 2", I12) -> tier - 3 | O12: =CONCATENATE(E12&"-"&K12&"-"&L12) -> 9-Nov-1997 | P12: =2023-L12 -> 26
B13: Id2325 | C13: 2001 | D13: Sep | E13: 12 | F13: 0 | G13: 687.54 | H13: tier - 3 | I13: tier - 2 | J13: R1013 | K13: =IF(D13="?", "Sep",D13) -> Sep | L13: =IF(C13="?","1983",C13) -> 2001 | M13: =IF(H13="?", "tier - 2",H13) -> tier - 3 | N13: =IF(I13="?", "tier - 2", I13) -> tier - 2 | O13: =CONCATENATE(E13&"-"&K13&"-"&L13) -> 12-Sep-2001 | P13: =2023-L13 -> 22
B14: Id2324 | C14: 1999 | D14: Dec | E14: 26 | F14: 0 | G14: 700 | H14: ? | I14: tier - 3 | J14: R1013 | K14: =IF(D14="?", "Sep",D14) -> Dec | L14: =IF(C14="?","1983",C14) -> 1999 | M14: =IF(H14="?", "tier - 2",H14) -> tier - 2 | N14: =IF(I14="?", "tier - 2", I14) -> tier - 3 | O14: =CONCATENATE(E14&"-"&K14&"-"&L14) -> 26-Dec-1999 | P14: =2023-L14 -> 24
... B1049: Id1290 | C1049: 1977 | D1049: Jul | E1049: 26 | F1049: 2 | G1049: 8527.53 | H1049: tier - 2 | I1049: tier - 2 | J1049: R1013 | K1049: =IF(D1049="?", "Sep",D1049) -> Jul | L1049: =IF(C1049="?","1983",C1049) -> 1977 | M1049: =IF(H1049="?", "tier - 2",H1049) -> tier - 2 | N1049: =IF(I1049="?", "tier - 2", I1049) -> tier - 2 | O1049: =CONCATENATE(E1049&"-"&K1049&"-"&L1049) -> 26-Jul-1977 | P1049: =2023-L1049 -> 46
B1050: Id1289 | C1050: ? | D1050: Jul | E1050: 24 | F1050: 0 | G1050: 8534.67 | H1050: tier - 2 | I1050: tier - 3 | J1050: R1024 | K1050: =IF(D1050="?", "Sep",D1050) -> Jul | L1050: =IF(C1050="?","1983",C1050) -> 1983 | M1050: =IF(H1050="?", "tier - 2",H1050) -> tier - 2 | N1050: =IF(I1050="?", "tier - 2", I1050) -> tier - 3 | O1050: =CONCATENATE(E1050&"-"&K1050&"-"&L1050) -> 24-Jul-1983 | P1050: =2023-L1050 -> 40
B1051: Id1288 | C1051: 1981 | D1051: Dec | E1051: 27 | F1051: 3 | G1051: 8538.29 | H1051: tier - 2 | I1051: tier - 3 | J1051: R1024 | K1051: =IF(D1051="?", "Sep",D1051) -> Dec | L1051: =IF(C1051="?","1983",C1051) -> 1981 | M1051: =IF(H1051="?", "tier - 2",H1051) -> tier - 2 | N1051: =IF(I1051="?", "tier - 2", I1051) -> tier - 3 | O1051: =CONCATENATE(E1051&"-"&K1051&"-"&L1051) -> 27-Dec-1981 | P1051: =2023-L1051 -> 42
B1052: Id1287 | C1052: 1975 | D1052: Nov | E1052: 6 | F1052: 1 | G1052: 8539.67 | H1052: tier - 2 | I1052: tier - 3 | J1052: R1011 | K1052: =IF(D1052="?", "Sep",D1052) -> Nov | L1052: =IF(C1052="?","1983",C1052) -> 1975 | M1052: =IF(H1052="?", "tier - 2",H1052) -> tier - 2 | N1052: =IF(I1052="?", "tier - 2", I1052) -> tier - 3 | O1052: =CONCATENATE(E1052&"-"&K1052&"-"&L1052) -> 6-Nov-1975 | P1052: =2023-L1052 -> 48
B1053: Id1286 | C1053: ? | D1053: Dec | E1053: 12 | F1053: 1 | G1053: 8547.69 | H1053: tier - 2 | I1053: tier - 1 | J1053: R1013 | K1053: =IF(D1053="?", "Sep",D1053) -> Dec | L1053: =IF(C1053="?","1983",C1053) -> 1983 | M1053: =IF(H1053="?", "tier - 2",H1053) -> tier - 2 | N1053: =IF(I1053="?", "tier - 2", I1053) -> tier - 1 | O1053: =CONCATENATE(E1053&"-"&K1053&"-"&L1053) -> 12-Dec-1983 | P1053: =2023-L1053 -> 40
B1054: Id1285 | C1054: 1975 | D1054: Aug | E1054: 6 | F1054: 1 | G1054: 8551.35 | H1054: tier - 2 | I1054: tier - 2 | J1054: R1011 | K1054: =IF(D1054="?", "Sep",D1054) -> Aug | L1054: =IF(C1054="?","1983",C1054) -> 1975 | M1054: =IF(H1054="?", "tier - 2",H1054) -> tier - 2 | N1054: =IF(I1054="?", "tier - 2", I1054) -> tier - 2 | O1054: =CONCATENATE(E1054&"-"&K1054&"-"&L1054) -> 6-Aug-1975 | P1054: =2023-L1054 -> 48
B1055: Id1284 | C1055: 1975 | D1055: Aug | E1055: 21 | F1055: 1 | G1055: 8556.91 | H1055: tier - 2 | I1055: tier - 1 | J1055: R1011 | K1055: =IF(D1055="?", "Sep",D1055) -> Aug | L1055: =IF(C1055="?","1983",C1055) -> 1975 | M1055: =IF(H1055="?", "tier - 2",H1055) -> tier - 2 | N1055: =IF(I1055="?", "tier - 2", I1055) -> tier - 1 | O1055: =CONCATENATE(E1055&"-"&K1055&"-"&L1055) -> 21-Aug-1975 | P1055: =2023-L1055 -> 48
B1056: Id1283 | C1056: 1988 | D1056: Sep | E1056: 21 | F1056: 3 | G1056: 8567.25 | H1056: tier - 2 | I1056: tier - 1 | J1056: R1012 | K1056: =IF(D1056="?", "Sep",D1056) -> Sep | L1056: =IF(C1056="?","1983",C1056) -> 1988 | M1056: =IF(H1056="?", "tier - 2",H1056) -> tier - 2 | N1056: =IF(I1056="?", "tier - 2", I1056) -> tier - 1 | O1056: =CONCATENATE(E1056&"-"&K1056&"-"&L1056) -> 21-Sep-1988 | P1056: =2023-L1056 -> 35
B1057: Id1282 | C1057: 1975 | D1057: Sep | E1057: 26 | F1057: 1 | G1057: 8569.86 | H1057: tier - 2 | I1057: tier - 3 | J1057: R1013 | K1057: =IF(D1057="?", "Sep",D1057) -> Sep | L1057: =IF(C1057="?","1983",C1057) -> 1975 | M1057: =IF(H1057="?", "tier - 2",H1057) -> tier - 2 | N1057: =IF(I1057="?", "tier - 2", I1057) -> tier - 3 | O1057: =CONCATENATE(E1057&"-"&K1057&"-"&L1057) -> 26-Sep-1975 | P1057: =2023-L1057 -> 48
B1058: Id1281 | C1058: 1982 | D1058: Dec | E1058: 6 | F1058: 3 | G1058: 8572.04 | H1058: tier - 2 | I1058: tier - 2 | J1058: R1021 | K1058: =IF(D1058="?", "Sep",D1058) -> Dec | L1058: =IF(C1058="?","1983",C1058) -> 1982 | M1058: =IF(H1058="?", "tier - 2",H1058) -> tier - 2 | N1058: =IF(I1058="?", "tier - 2", I1058) -> tier - 2 | O1058: =CONCATENATE(E1058&"-"&K1058&"-"&L1058) -> 6-Dec-1982 | P1058: =2023-L1058 -> 41
B1059: Id1280 | C1059: 1987 | D1059: Nov | E1059: 11 | F1059: 3 | G1059: 8573.3 | H1059: tier - 2 | I1059: tier - 2 | J1059: R1021 | K1059: =IF(D1059="?", "Sep",D1059) -> Nov | L1059: =IF(C1059="?","1983",C1059) -> 1987 | M1059: =IF(H1059="?", "tier - 2",H1059) -> tier - 2 | N1059: =IF(I1059="?", "tier - 2", I1059) -> tier - 2 | O1059: =CONCATENATE(E1059&"-"&K1059&"-"&L1059) -> 11-Nov-1987 | P1059: =2023-L1059 -> 36
B1060: Id1279 | C1060: 1983 | D1060: Dec | E1060: 30 | F1060: 5 | G1060: 8582.3 | H1060: tier - 2 | I1060: tier - 1 | J1060: R1013 | K1060: =IF(D1060="?", "Sep",D1060) -> Dec | L1060: =IF(C1060="?","1983",C1060) -> 1983 | M1060: =IF(H1060="?", "tier - 2",H1060) -> tier - 2 | N1060: =IF(I1060="?", "tier - 2", I1060) -> tier - 1 | O1060: =CONCATENATE(E1060&"-"&K1060&"-"&L1060) -> 30-Dec-1983 | P1060: =2023-L1060 -> 40
B1061: Id1278 | C1061: 1983 | D1061: Jul | E1061: 25 | F1061: 5 | G1061: 8596.83 | H1061: tier - 2 | I1061: tier - 3 | J1061: R1013 | K1061: =IF(D1061="?", "Sep",D1061) -> Jul | L1061: =IF(C1061="?","1983",C1061) -> 1983 | M1061: =IF(H1061="?", "tier - 2",H1061) -> tier - 2 | N1061: =IF(I1061="?", "tier - 2", I1061) -> tier - 3 | O1061: =CONCATENATE(E1061&"-"&K1061&"-"&L1061) -> 25-Jul-1983 | P1061: =2023-L1061 -> 40
B1062: Id1277 | C1062: 1973 | D1062: Jul | E1062: 11 | F1062: 0 | G1062: 8601.33 | H1062: tier - 2 | I1062: tier - 1 | J1062: R1013 | K1062: =IF(D1062="?", "Sep",D1062) -> Jul | L1062: =IF(C1062="?","1983",C1062) -> 1973 | M1062: =IF(H1062="?", "tier - 2",H1062) -> tier - 2 | N1062: =IF(I1062="?", "tier - 2", I1062) -> tier - 1 | O1062: =CONCATENATE(E1062&"-"&K1062&"-"&L1062) -> 11-Jul-1973 | P1062: =2023-L1062 -> 50
B1063: Id1276 | C1063: 1977 | D1063: Sep | E1063: 24 | F1063: 2 | G1063: 8603.82 | H1063: tier - 2 | I1063: tier - 1 | J1063: R1019 | K1063: =IF(D1063="?", "Sep",D1063) -> Sep | L1063: =IF(C1063="?","1983",C1063) -> 1977 | M1063: =IF(H1063="?", "tier - 2",H1063) -> tier - 2 | N1063: =IF(I1063="?", "tier - 2", I1063) -> tier - 1 | O1063: =CONCATENATE(E1063&"-"&K1063&"-"&L1063) -> 24-Sep-1977 | P1063: =2023-L1063 -> 46
B1064: Id1275 | C1064: 1977 | D1064: Nov | E1064: 12 | F1064: 2 | G1064: 8604.48 | H1064: tier - 3 | I1064: tier - 2 | J1064: R1016 | K1064: =IF(D1064="?", "Sep",D1064) -> Nov | L1064: =IF(C1064="?","1983",C1064) -> 1977 | M1064: =IF(H1064="?", "tier - 2",H1064) -> tier - 3 | N1064: =IF(I1064="?", "tier - 2", I1064) -> tier - 2 | O1064: =CONCATENATE(E1064&"-"&K1064&"-"&L1064) -> 12-Nov-1977 | P1064: =2023-L1064 -> 46
B1065: Id1274 | C1065: 1977 | D1065: Oct | E1065: 15 | F1065: 3 | G1065: 8605.36 | H1065: tier - 2 | I1065: tier - 2 | J1065: R1013 | K1065: =IF(D1065="?", "Sep",D1065) -> Oct | L1065: =IF(C1065="?","1983",C1065) -> 1977 | M1065: =IF(H1065="?", "tier - 2",H1065) -> tier - 2 | N1065: =IF(I1065="?", "tier - 2", I1065) -> tier - 2 | O1065: =CONCATENATE(E1065&"-"&K1065&"-"&L1065) -> 15-Oct-1977 | P1065: =2023-L1065 -> 46
... B2340: Id1 | C2340: 1968 | D2340: Oct | E2340: 12 | F2340: 0 | G2340: 63770.43 | H2340: tier - 1 | I2340: tier - 3 | J2340: R1013 | K2340: =IF(D2340="?", "Sep",D2340) -> Oct | L2340: =IF(C2340="?","1983",C2340) -> 1968 | M2340: =IF(H2340="?", "tier - 2",H2340) -> tier - 1 | N2340: =IF(I2340="?", "tier - 2", I2340) -> tier - 3 | O2340: =CONCATENATE(E2340&"-"&K2340&"-"&L2340) -> 12-Oct-1968 | P2340: =2023-L2340 -> 55

Sheet Data Exploration
B2: DATA EXPLORATION
B3: Customer Names Table: | C3: SOLUTIONS
B4: 1. Are there any duplicate Customer IDs in the dataset? If yes, how many? | C4: No - duplicate Customer IDs in the dataset
B5: 2. How many customers are included in the dataset? | C5: =COUNTA('Customer Names'!B3:B2337) -> 2335
B7: Medical Examination Table: | C7: SOLUTIONS
B8: 1. How many customers have a history of cancer? | C8: =COUNTIF('Medical Examination'!I3:I2337,'Medical Examination'!I11) -> 391
B9: 2. Identify the customer(s) with the highest BMI. | C9: =MAX('Medical Examination'!C3:C2337) -> 55.05 | D9: Customer ID - ID464
B10: 3. How many customers have Diabetes? | C10: =COUNTIF('Medical Examination'!F3:F2337,'Medical Examination'!F3) -> 784
B11: 4. How many obese customers have heart issues? | C11: =COUNTIFS('Medical Examination'!D3:D2337,'Medical Examination'!D3,'Medical Examination'!G3:G2337,'Medical Examination'!G5) -> 490
B12: 5. What is the total number of major surgeries performed on customers? | C12: =SUM('Medical Examination'!J3:J2337) -> 1579
B13: 6. Calculate the percentage of customers who have undergone any transplants. | C13: =ROUND(D13/E13*100,0) -> 6 | D13: =COUNTIF('Medical Examination'!H3:H2337, 'Medical Examination'!H43) -> 144 | E13: =COUNTA('Medical Examination'!H3:H2337) -> 2335
B14: 7. Find the average HBA1C value of customers who are smokers. | C14: =ROUND(AVERAGEIF('Medical Examination'!K2:K2337,'Medical Examination'!K3,'Medical Examination'!E3:E2337),0) -> 7
B15: 8. How many customers with heart issues have done a transplant? | C15: =COUNTIFS('Medical Examination'!G3:G2337,'Medical Examination'!G5,'Medical Examination'!H3:H2337,'Medical Examination'!H43) -> 19
B16: 9. What is the average BMI of customers who have done more than 2 major surgeries? | C16: =ROUND(AVERAGEIF('Medical Examination'!J3:J2337,">2",'Medical Examination'!C3:C2337),0) -> 33
B18: Hospitalization details Table: | C18: SOLUTIONS
B19: 1. Calculate all the Summary statistics for the 'charges' column.
B20: Count | C20: =COUNT('Hospitalisation Details'!$G$3:$G$2340) -> 2338
B21: Sum | C21: =SUM('Hospitalisation Details'!$G$3:$G$2340) -> 31648783
B22: Average | C22: =AVERAGE('Hospitalisation Details'!$G$3:$G$2340) -> 13536.691
B23: Median | C23: =MEDIAN('Hospitalisation Details'!$G$3:$G$2340) -> 9632.725
B24: Mode | C24: =MODE('Hospitalisation Details'!$G$3:$G$2340) -> 650
B25: S.D - Sample | C25: =_xlfn.STDEV.S('Hospitalisation Details'!$G$3:$G$2340) -> 11902.535
B26: S.D - Population | C26: =_xlfn.STDEV.P('Hospitalisation Details'!$G$3:$G$2340) -> 11899.989
B27: Min | C27: =MIN('Hospitalisation Details'!$G$3:$G$2340) -> 563.84
B28: Max | C28: =MAX('Hospitalisation Details'!$G$3:$G$2340) -> 63770.43
B30: 2. Which is the median age and the most common age in the dataset?
B31: Median | C31: =MEDIAN('Hospitalisation Details'!$P$3:$P$2340) -> 40
B32: Mode | C32: =MODE('Hospitalisation Details'!$P$3:$P$2340) -> 19
B34: 3. Find the average hospitalization charges for customers who are more than 50 years old. | C34: =AVERAGEIF('Hospitalisation Details'!P3:P2340,">50",'Hospitalisation Details'!G3:G2340) -> 17710.133
B35: 4. Compare the total charges across different hospital tiers. | C35: Sum | D35: Average
B36: hospital tier - 1 | C36: =SUMIF('Hospitalisation Details'!$H$3:$H$2340,'Hospitalisation Details'!$H393,'Hospitalisation Details'!$G$3:$G$2340) -> 9193579.5 | D36: =AVERAGEIF('Hospitalisation Details'!$H$3:$H$2340,'Hospitalisation Details'!$H393,'Hospitalisation Details'!$G$3:$G$2340) -> 30142.884
B37: hospital tier - 2 | C37: =SUMIF('Hospitalisation Details'!$H$3:$H$2340,'Hospitalisation Details'!$H3,'Hospitalisation Details'!$G$3:$G$2340) -> 15896014 | D37: =AVERAGEIF('Hospitalisation Details'!$H$3:$H$2340,'Hospitalisation Details'!$H3,'Hospitalisation Details'!$G$3:$G$2340) -> 11880.429
B38: hospital tier - 3 | C38: =SUMIF('Hospitalisation Details'!$H$3:$H$2340,'Hospitalisation Details'!$H6,'Hospitalisation Details'!$G$3:$G$2340) -> 6558489.6 | D38: =AVERAGEIF('Hospitalisation Details'!$H$3:$H$2340,'Hospitalisation Details'!$H6,'Hospitalisation Details'!$G$3:$G$2340) -> 9450.2733
B40: 5. Which city tier has the highest average hospitalization charges? | C40: Average
B41: city tier - 1 | C41: =AVERAGEIF('Hospitalisation Details'!$I$3:$I$2340,'Hospitalisation Details'!$I4,'Hospitalisation Details'!$G$3:$G$2340) -> 13035.097
B42: city tier - 2 | C42: =AVERAGEIF('Hospitalisation Details'!$I$3:$I$2340,'Hospitalisation Details'!$I11,'Hospitalisation Details'!$G$3:$G$2340) -> 13470.52
B43: city tier - 3 | C43: =AVERAGEIF('Hospitalisation Details'!$I$3:$I$2340,'Hospitalisation Details'!$I3,'Hospitalisation Details'!$G$3:$G$2340) -> 14082.56
B45: 6. Calculate the average charges for people who have more than 2 children. | C45: =AVERAGEIF('Hospitalisation Details'!F3:F2340,">2",'Hospitalisation Details'!G3:G2340) -> 14217.52
B46: 7. Find the integer average number of children of customers who are less than 40 years old. | C46: =ROUND(AVERAGEIF('Hospitalisation Details'!P3:P2340,"<40",'Hospitalisation Details'!F3:F2340),0) -> 1

Sheet Healthcare
T2: HEALTHCARE - VLOOKUP
B3: CUSTOMER ID | C3: FIRST NAME | D3: BMI | E3: WEIGHT STATUS | F3: HBA1C | G3: DIABETES STATUS | H3: HEART ISSUES | I3: ANY TRANSPLANTS | J3: CANCER HISTORY | K3: NUMBER OF MAJOR SURGERIES | L3: SMOKER | M3: DATE OF BIRTH | N3: AGE | O3: CHARGES | P3: HOSPITAL TIER | Q3: CITY TIER | R3: STATE ID | T3: CUSTOMER ID | U3: FIRST NAME | V3: BMI | W3: WEIGHT STATUS | X3: HBA1C | Y3: DIABETES STATUS | Z3: HEART ISSUES | AA3: ANY TRANSPLANTS | AB3: CANCER HISTORY | AC3: NUMBER OF MAJOR SURGERIES | AD3: SMOKER | AE3: DATE OF BIRTH | AF3: AGE | AG3: CHARGES | AH3: HOSPITAL TIER | AI3: CITY TIER | AJ3: STATE ID
B4: Id1 | C4: Kelly | D4: 47.41 | E4: =IF(D4<18.5,"Underweight", IF(AND(D4>=18.5,D4<=24.9),"Healthy Weight", IF(AND(D4>=25,D4<=29.9),"Overweight", IF(D4>=30,"Obesity")))) -> Obesity | F4: 7.47 | G4: =IF(F4<5.7,"Normal",IF(AND(F4>=5.7,F4<=6.4),"Prediabetes",IF(F4>=6.5,"Diabetes"))) -> Diabetes | H4: No | I4: No | J4: No | K4: No major surgery | L4: Yes | M4: 9-Jul-1992 | N4: 31 | O4: 563.84 | P4: tier - 2 | Q4: tier - 3 | R4: R1013 | T4: Id1 | U4: =VLOOKUP($T$4,$B$3:$R$2338,2,FALSE) -> Kelly | V4: =VLOOKUP(T4,$B$3:$R$2338,3,FALSE) -> 47.41 | W4: =VLOOKUP(T4,$B$3:$R$2338,4,FALSE) -> Obesity | X4: =VLOOKUP(T4,$B$3:$R$2338,5,FALSE) -> 7.47 | Y4: =VLOOKUP(T4,$B$3:$R$2338,6,0) -> Diabetes | Z4: =VLOOKUP(T4,$B$3:$R$2338,7,0) -> No | AA4: =VLOOKUP(T4,$B$3:$R$2338,8,0) -> No | AB4: =VLOOKUP(T4,$B$3:$R$2338,9,0) -> No | AC4: =VLOOKUP(T4,$B$3:$R$2338,10,0) -> No major surgery | AD4: =VLOOKUP(T4,$B$3:$R$2338,11,0) -> Yes | AE4: =VLOOKUP(T4,$B$3:$R$2338,12,0) -> 9-Jul-1992 | AF4: =VLOOKUP(T4,$B$3:$R$2338,13,0) -> 31 | AG4: =VLOOKUP(T4,$B$3:$R$2338,14,0) -> 563.84 | AH4: =VLOOKUP(T4,$B$3:$R$2338,15,0) -> tier - 2 | AI4: =VLOOKUP(T4,B3:R2338,16,0) -> tier - 3 | AJ4: =VLOOKUP(T4,$B$3:$R$2338,17,0) -> R1013
B5: Id2 | C5: Matthew D | D5: 30.36 | E5: =IF(D5<18.5,"Underweight", IF(AND(D5>=18.5,D5<=24.9),"Healthy Weight", IF(AND(D5>=25,D5<=29.9),"Overweight", IF(D5>=30,"Obesity")))) -> Obesity | F5: 5.77 | G5: =IF(F5<5.7,"Normal",IF(AND(F5>=5.7,F5<=6.4),"Prediabetes",IF(F5>=6.5,"Diabetes"))) -> Prediabetes | H5: No | I5: No | J5: No | K5: No major surgery | L5: Yes | M5: 30-Nov-1992 | N5: 31 | O5: 570.62 | P5: tier - 2 | Q5: tier - 1 | R5: R1013 | T5: Id2 | U5: =VLOOKUP(T5,$B$3:$R$2338,2,FALSE) -> Matthew D | V5: =VLOOKUP(T5,$B$3:$R$2338,3,FALSE) -> 30.36 | W5: =VLOOKUP(T5,$B$3:$R$2338,4,FALSE) -> Obesity | X5: =VLOOKUP(T5,$B$3:$R$2338,5,FALSE) -> 5.77 | Y5: =VLOOKUP(T5,$B$3:$R$2338,6,0) -> Prediabetes | Z5: =VLOOKUP(T5,$B$3:$R$2338,7,0) -> No | AA5: =VLOOKUP(T5,$B$3:$R$2338,8,0) -> No | AB5: =VLOOKUP(T5,$B$3:$R$2338,9,0) -> No | AC5: =VLOOKUP(T5,$B$3:$R$2338,10,0) -> No major surgery | AD5: =VLOOKUP(T5,$B$3:$R$2338,11,0) -> Yes | AE5: =VLOOKUP(T5,$B$3:$R$2338,12,0) -> 30-Nov-1992 | AF5: =VLOOKUP(T5,$B$3:$R$2338,13,0) -> 31 | AG5: =VLOOKUP(T5,$B$3:$R$2338,14,0) -> 570.62 | AH5: =VLOOKUP(T5,$B$3:$R$2338,15,0) -> tier - 2 | AI5: =VLOOKUP(T5,B4:R2339,16,0) -> tier - 1 | AJ5: =VLOOKUP(T5,$B$3:$R$2338,17,0) -> R1013
B6: Id3 | C6: Phil | D6: 34.485 | E6: =IF(D6<18.5,"Underweight", IF(AND(D6>=18.5,D6<=24.9),"Healthy Weight", IF(AND(D6>=25,D6<=29.9),"Overweight", IF(D6>=30,"Obesity")))) -> Obesity | F6: 11.87 | G6: =IF(F6<5.7,"Normal",IF(AND(F6>=5.7,F6<=6.4),"Prediabetes",IF(F6>=6.5,"Diabetes"))) -> Diabetes | H6: Yes | I6: No | J6: No | K6: 2 | L6: Yes | M6: 30-Jun-1993 | N6: 30 | O6: 600 | P6: tier - 2 | Q6: tier - 1 | R6: R1013 | T6: Id3 | U6: =VLOOKUP(T6,$B$3:$R$2338,2,FALSE) -> Phil | V6: =VLOOKUP(T6,$B$3:$R$2338,3,FALSE) -> 34.485 | W6: =VLOOKUP(T6,$B$3:$R$2338,4,FALSE) -> Obesity | X6: =VLOOKUP(T6,$B$3:$R$2338,5,FALSE) -> 11.87 | Y6: =VLOOKUP(T6,$B$3:$R$2338,6,0) -> Diabetes | Z6: =VLOOKUP(T6,$B$3:$R$2338,7,0) -> Yes | AA6: =VLOOKUP(T6,$B$3:$R$2338,8,0) -> No | AB6: =VLOOKUP(T6,$B$3:$R$2338,9,0) -> No | AC6: =VLOOKUP(T6,$B$3:$R$2338,10,0) -> 2 | AD6: =VLOOKUP(T6,$B$3:$R$2338,11,0) -> Yes | AE6: =VLOOKUP(T6,$B$3:$R$2338,12,0) -> 30-Jun-1993 | AF6: =VLOOKUP(T6,$B$3:$R$2338,13,0) -> 30 | AG6: =VLOOKUP(T6,$B$3:$R$2338,14,0) -> 600 | AH6: =VLOOKUP(T6,$B$3:$R$2338,15,0) -> tier - 2 | AI6: =VLOOKUP(T6,B5:R2340,16,0) -> tier - 1 | AJ6: =VLOOKUP(T6,$B$3:$R$2338,17,0) -> R1013
B7: Id4 | C7: Kelsey | D7: 38.095 | E7: =IF(D7<18.5,"Underweight", IF(AND(D7>=18.5,D7<=24.9),"Healthy Weight", IF(AND(D7>=25,D7<=29.9),"Overweight", IF(D7>=30,"Obesity")))) -> Obesity | F7: 6.05 | G7: =IF(F7<5.7,"Normal",IF(AND(F7>=5.7,F7<=6.4),"Prediabetes",IF(F7>=6.5,"Diabetes"))) -> Prediabetes | H7: No | I7: No | J7: No | K7: No major surgery | L7: Yes | M7: 13-Sep-1992 | N7: 31 | O7: 604.54 | P7: tier - 3 | Q7: tier - 3 | R7: R1013 | T7: Id4 | U7: =VLOOKUP(T7,$B$3:$R$2338,2,FALSE) -> Kelsey | V7: =VLOOKUP(T7,$B$3:$R$2338,3,FALSE) -> 38.095 | W7: =VLOOKUP(T7,$B$3:$R$2338,4,FALSE) -> Obesity | X7: =VLOOKUP(T7,$B$3:$R$2338,5,FALSE) -> 6.05 | Y7: =VLOOKUP(T7,$B$3:$R$2338,6,0) -> Prediabetes | Z7: =VLOOKUP(T7,$B$3:$R$2338,7,0) -> No | AA7: =VLOOKUP(T7,$B$3:$R$2338,8,0) -> No | AB7: =VLOOKUP(T7,$B$3:$R$2338,9,0) -> No | AC7: =VLOOKUP(T7,$B$3:$R$2338,10,0) -> No major surgery | AD7: =VLOOKUP(T7,$B$3:$R$2338,11,0) -> Yes | AE7: =VLOOKUP(T7,$B$3:$R$2338,12,0) -> 13-Sep-1992 | AF7: =VLOOKUP(T7,$B$3:$R$2338,13,0) -> 31 | AG7: =VLOOKUP(T7,$B$3:$R$2338,14,0) -> 604.54 | AH7: =VLOOKUP(T7,$B$3:$R$2338,15,0) -> tier - 3 | AI7: =VLOOKUP(T7,B6:R2341,16,0) -> tier - 3 | AJ7: =VLOOKUP(T7,$B$3:$R$2338,17,0) -> R1013
B8: Id5 | C8: Kristyn | D8: 35.53 | E8: =IF(D8<18.5,"Underweight", IF(AND(D8>=18.5,D8<=24.9),"Healthy Weight", IF(AND(D8>=25,D8<=29.9),"Overweight", IF(D8>=30,"Obesity")))) -> Obesity | F8: 5.45 | G8: =IF(F8<5.7,"Normal",IF(AND(F8>=5.7,F8<=6.4),"Prediabetes",IF(F8>=6.5,"Diabetes"))) -> Normal | H8: No | I8: No | J8: No | K8: No major surgery | L8: Yes | M8: 27-Jul-1998 | N8: 25 | O8: 637.26 | P8: tier - 3 | Q8: tier - 3 | R8: R1013 | T8: Id5 | U8: =VLOOKUP(T8,$B$3:$R$2338,2,FALSE) -> Kristyn | V8: =VLOOKUP(T8,$B$3:$R$2338,3,FALSE) -> 35.53 | W8: =VLOOKUP(T8,$B$3:$R$2338,4,FALSE) -> Obesity | X8: =VLOOKUP(T8,$B$3:$R$2338,5,FALSE) -> 5.45 | Y8: =VLOOKUP(T8,$B$3:$R$2338,6,0) -> Normal | Z8: =VLOOKUP(T8,$B$3:$R$2338,7,0) -> No | AA8: =VLOOKUP(T8,$B$3:$R$2338,8,0) -> No | AB8: =VLOOKUP(T8,$B$3:$R$2338,9,0) -> No | AC8: =VLOOKUP(T8,$B$3:$R$2338,10,0) -> No major surgery | AD8: =VLOOKUP(T8,$B$3:$R$2338,11,0) -> Yes | AE8: =VLOOKUP(T8,$B$3:$R$2338,12,0) -> 27-Jul-1998 | AF8: =VLOOKUP(T8,$B$3:$R$2338,13,0) -> 25 | AG8: =VLOOKUP(T8,$B$3:$R$2338,14,0) -> 637.26 | AH8: =VLOOKUP(T8,$B$3:$R$2338,15,0) -> tier - 3 | AI8: =VLOOKUP(T8,B7:R2342,16,0) -> tier - 3 | AJ8: =VLOOKUP(T8,$B$3:$R$2338,17,0) -> R1013
B9: Id6 | C9: Russell B | D9: 32.8 | E9: =IF(D9<18.5,"Underweight", IF(AND(D9>=18.5,D9<=24.9),"Healthy Weight", IF(AND(D9>=25,D9<=29.9),"Overweight", IF(D9>=30,"Obesity")))) -> Obesity | F9: 6.59 | G9: =IF(F9<5.7,"Normal",IF(AND(F9>=5.7,F9<=6.4),"Prediabetes",IF(F9>=6.5,"Diabetes"))) -> Diabetes | H9: No | I9: No | J9: No | K9: No major surgery | L9: Yes | M9: 20-Nov-2001 | N9: 22 | O9: 646.14 | P9: tier - 3 | Q9: tier - 3 | R9: R1012 | T9: Id6 | U9: =VLOOKUP(T9,$B$3:$R$2338,2,FALSE) -> Russell B | V9: =VLOOKUP(T9,$B$3:$R$2338,3,FALSE) -> 32.8 | W9: =VLOOKUP(T9,$B$3:$R$2338,4,FALSE) -> Obesity | X9: =VLOOKUP(T9,$B$3:$R$2338,5,FALSE) -> 6.59 | Y9: =VLOOKUP(T9,$B$3:$R$2338,6,0) -> Diabetes | Z9: =VLOOKUP(T9,$B$3:$R$2338,7,0) -> No | AA9: =VLOOKUP(T9,$B$3:$R$2338,8,0) -> No | AB9: =VLOOKUP(T9,$B$3:$R$2338,9,0) -> No | AC9: =VLOOKUP(T9,$B$3:$R$2338,10,0) -> No major surgery | AD9: =VLOOKUP(T9,$B$3:$R$2338,11,0) -> Yes | AE9: =VLOOKUP(T9,$B$3:$R$2338,12,0) -> 20-Nov-2001 | AF9: =VLOOKUP(T9,$B$3:$R$2338,13,0) -> 22 | AG9: =VLOOKUP(T9,$B$3:$R$2338,14,0) -> 646.14 | AH9: =VLOOKUP(T9,$B$3:$R$2338,15,0) -> tier - 3 | AI9: =VLOOKUP(T9,B8:R2343,16,0) -> tier - 3 | AJ9: =VLOOKUP(T9,$B$3:$R$2338,17,0) -> R1012
B10: Id7 | C10: Scott | D10: 36.4 | E10: =IF(D10<18.5,"Underweight", IF(AND(D10>=18.5,D10<=24.9),"Healthy Weight", IF(AND(D10>=25,D10<=29.9),"Overweight", IF(D10>=30,"Obesity")))) -> Obesity | F10: 6.07 | G10: =IF(F10<5.7,"Normal",IF(AND(F10>=5.7,F10<=6.4),"Prediabetes",IF(F10>=6.5,"Diabetes"))) -> Prediabetes | H10: No | I10: No | J10: No | K10: No major surgery | L10: Yes | M10: 1-Jun-1993 | N10: 30 | O10: 650 | P10: tier - 3 | Q10: tier - 3 | R10: R1013 | T10: Id7 | U10: =VLOOKUP(T10,$B$3:$R$2338,2,FALSE) -> Scott | V10: =VLOOKUP(T10,$B$3:$R$2338,3,FALSE) -> 36.4 | W10: =VLOOKUP(T10,$B$3:$R$2338,4,FALSE) -> Obesity | X10: =VLOOKUP(T10,$B$3:$R$2338,5,FALSE) -> 6.07 | Y10: =VLOOKUP(T10,$B$3:$R$2338,6,0) -> Prediabetes | Z10: =VLOOKUP(T10,$B$3:$R$2338,7,0) -> No | AA10: =VLOOKUP(T10,$B$3:$R$2338,8,0) -> No | AB10: =VLOOKUP(T10,$B$3:$R$2338,9,0) -> No | AC10: =VLOOKUP(T10,$B$3:$R$2338,10,0) -> No major surgery | AD10: =VLOOKUP(T10,$B$3:$R$2338,11,0) -> Yes | AE10: =VLOOKUP(T10,$B$3:$R$2338,12,0) -> 1-Jun-1993 | AF10: =VLOOKUP(T10,$B$3:$R$2338,13,0) -> 30 | AG10: =VLOOKUP(T10,$B$3:$R$2338,14,0) -> 650 | AH10: =VLOOKUP(T10,$B$3:$R$2338,15,0) -> tier - 3 | AI10: =VLOOKUP(T10,B9:R2344,16,0) -> tier - 3 | AJ10: =VLOOKUP(T10,$B$3:$R$2338,17,0) -> R1013
B11: Id8 | C11: Stephen | D11: 36.96 | E11: =IF(D11<18.5,"Underweight", IF(AND(D11>=18.5,D11<=24.9),"Healthy Weight", IF(AND(D11>=25,D11<=29.9),"Overweight", IF(D11>=30,"Obesity")))) -> Obesity | F11: 7.93 | G11: =IF(F11<5.7,"Normal",IF(AND(F11>=5.7,F11<=6.4),"Prediabetes",IF(F11>=6.5,"Diabetes"))) -> Diabetes | H11: No | I11: No | J11: No | K11: 3 | L11: Yes | M11: 4-Jul-1995 | N11: 28 | O11: 650 | P11: tier - 3 | Q11: tier - 3 | R11: R1013 | T11: Id8 | U11: =VLOOKUP(T11,$B$3:$R$2338,2,FALSE) -> Stephen | V11: =VLOOKUP(T11,$B$3:$R$2338,3,FALSE) -> 36.96 | W11: =VLOOKUP(T11,$B$3:$R$2338,4,FALSE) -> Obesity | X11: =VLOOKUP(T11,$B$3:$R$2338,5,FALSE) -> 7.93 | Y11: =VLOOKUP(T11,$B$3:$R$2338,6,0) -> Diabetes | Z11: =VLOOKUP(T11,$B$3:$R$2338,7,0) -> No | AA11: =VLOOKUP(T11,$B$3:$R$2338,8,0) -> No | AB11: =VLOOKUP(T11,$B$3:$R$2338,9,0) -> No | AC11: =VLOOKUP(T11,$B$3:$R$2338,10,0) -> 3 | AD11: =VLOOKUP(T11,$B$3:$R$2338,11,0) -> Yes | AE11: =VLOOKUP(T11,$B$3:$R$2338,12,0) -> 4-Jul-1995 | AF11: =VLOOKUP(T11,$B$3:$R$2338,13,0) -> 28 | AG11: =VLOOKUP(T11,$B$3:$R$2338,14,0) -> 650 | AH11: =VLOOKUP(T11,$B$3:$R$2338,15,0) -> tier - 3 | AI11: =VLOOKUP(T11,B10:R2345,16,0) -> tier - 3 | AJ11: =VLOOKUP(T11,$B$3:$R$2338,17,0) -> R1013
B12: Id9 | C12: Patrick R | D12: 41.14 | E12: =IF(D12<18.5,"Underweight", IF(AND(D12>=18.5,D12<=24.9),"Healthy Weight", IF(AND(D12>=25,D12<=29.9),"Overweight", IF(D12>=30,"Obesity")))) -> Obesity | F12: 9.58 | G12: =IF(F12<5.7,"Normal",IF(AND(F12>=5.7,F12<=6.4),"Prediabetes",IF(F12>=6.5,"Diabetes"))) -> Diabetes | H12: Yes | I12: No | J12: Yes | K12: 1 | L12: Yes | M12: 29-Nov-2002 | N12: 21 | O12: 668 | P12: tier - 3 | Q12: tier - 2 | R12: R1012 | T12: Id9 | U12: =VLOOKUP(T12,$B$3:$R$2338,2,FALSE) -> Patrick R | V12: =VLOOKUP(T12,$B$3:$R$2338,3,FALSE) -> 41.14 | W12: =VLOOKUP(T12,$B$3:$R$2338,4,FALSE) -> Obesity | X12: =VLOOKUP(T12,$B$3:$R$2338,5,FALSE) -> 9.58 | Y12: =VLOOKUP(T12,$B$3:$R$2338,6,0) -> Diabetes | Z12: =VLOOKUP(T12,$B$3:$R$2338,7,0) -> Yes | AA12: =VLOOKUP(T12,$B$3:$R$2338,8,0) -> No | AB12: =VLOOKUP(T12,$B$3:$R$2338,9,0) -> Yes | AC12: =VLOOKUP(T12,$B$3:$R$2338,10,0) -> 1 | AD12: =VLOOKUP(T12,$B$3:$R$2338,11,0) -> Yes | AE12: =VLOOKUP(T12,$B$3:$R$2338,12,0) -> 29-Nov-2002 | AF12: =VLOOKUP(T12,$B$3:$R$2338,13,0) -> 21 | AG12: =VLOOKUP(T12,$B$3:$R$2338,14,0) -> 668 | AH12: =VLOOKUP(T12,$B$3:$R$2338,15,0) -> tier - 3 | AI12: =VLOOKUP(T12,B11:R2346,16,0) -> tier - 2 | AJ12: =VLOOKUP(T12,$B$3:$R$2338,17,0) -> R1012
B13: Id10 | C13: Brooke N | D13: 38.06 | E13: =IF(D13<18.5,"Underweight", IF(AND(D13>=18.5,D13<=24.9),"Healthy Weight", IF(AND(D13>=25,D13<=29.9),"Overweight", IF(D13>=30,"Obesity")))) -> Obesity | F13: 10.79 | G13: =IF(F13<5.7,"Normal",IF(AND(F13>=5.7,F13<=6.4),"Prediabetes",IF(F13>=6.5,"Diabetes"))) -> Diabetes | H13: No | I13: No | J13: No | K13: No major surgery | L13: Yes | M13: 9-Nov-1997 | N13: 26 | O13: 670 | P13: tier - 3 | Q13: tier - 3 | R13: R1013 | T13: Id10 | U13: =VLOOKUP(T13,$B$3:$R$2338,2,FALSE) -> Brooke N | V13: =VLOOKUP(T13,$B$3:$R$2338,3,FALSE) -> 38.06 | W13: =VLOOKUP(T13,$B$3:$R$2338,4,FALSE) -> Obesity | X13: =VLOOKUP(T13,$B$3:$R$2338,5,FALSE) -> 10.79 | Y13: =VLOOKUP(T13,$B$3:$R$2338,6,0) -> Diabetes | Z13: =VLOOKUP(T13,$B$3:$R$2338,7,0) -> No | AA13: =VLOOKUP(T13,$B$3:$R$2338,8,0) -> No | AB13: =VLOOKUP(T13,$B$3:$R$2338,9,0) -> No | AC13: =VLOOKUP(T13,$B$3:$R$2338,10,0) -> No major surgery | AD13: =VLOOKUP(T13,$B$3:$R$2338,11,0) -> Yes | AE13: =VLOOKUP(T13,$B$3:$R$2338,12,0) -> 9-Nov-1997 | AF13: =VLOOKUP(T13,$B$3:$R$2338,13,0) -> 26 | AG13: =VLOOKUP(T13,$B$3:$R$2338,14,0) -> 670 | AH13: =VLOOKUP(T13,$B$3:$R$2338,15,0) -> tier - 3 | AI13: =VLOOKUP(T13,B12:R2347,16,0) -> tier - 3 | AJ13: =VLOOKUP(T13,$B$3:$R$2338,17,0) -> R1013
B14: Id11 | C14: Paola Andrea | D14: 37.7 | E14: =IF(D14<18.5,"Underweight", IF(AND(D14>=18.5,D14<=24.9),"Healthy Weight", IF(AND(D14>=25,D14<=29.9),"Overweight", IF(D14>=30,"Obesity")))) -> Obesity | F14: 5.96 | G14: =IF(F14<5.7,"Normal",IF(AND(F14>=5.7,F14<=6.4),"Prediabetes",IF(F14>=6.5,"Diabetes"))) -> Prediabetes | H14: Yes | I14: No | J14: No | K14: 2 | L14: Yes | M14: 12-Sep-2001 | N14: 22 | O14: 687.54 | P14: tier - 3 | Q14: tier - 2 | R14: R1013 | T14: Id11 | U14: =VLOOKUP(T14,$B$3:$R$2338,2,FALSE) -> Paola Andrea | V14: =VLOOKUP(T14,$B$3:$R$2338,3,FALSE) -> 37.7 | W14: =VLOOKUP(T14,$B$3:$R$2338,4,FALSE) -> Obesity | X14: =VLOOKUP(T14,$B$3:$R$2338,5,FALSE) -> 5.96 | Y14: =VLOOKUP(T14,$B$3:$R$2338,6,0) -> Prediabetes | Z14: =VLOOKUP(T14,$B$3:$R$2338,7,0) -> Yes | AA14: =VLOOKUP(T14,$B$3:$R$2338,8,0) -> No | AB14: =VLOOKUP(T14,$B$3:$R$2338,9,0) -> No | AC14: =VLOOKUP(T14,$B$3:$R$2338,10,0) -> 2 | AD14: =VLOOKUP(T14,$B$3:$R$2338,11,0) -> Yes | AE14: =VLOOKUP(T14,$B$3:$R$2338,12,0) -> 12-Sep-2001 | AF14: =VLOOKUP(T14,$B$3:$R$2338,13,0) -> 22 | AG14: =VLOOKUP(T14,$B$3:$R$2338,14,0) -> 687.54 | AH14: =VLOOKUP(T14,$B$3:$R$2338,15,0) -> tier - 3 | AI14: =VLOOKUP(T14,B13:R2348,16,0) -> tier - 2 | AJ14: =VLOOKUP(T14,$B$3:$R$2338,17,0) -> R1013
B15: Id12 | C15: David | D15: 42.13 | E15: =IF(D15<18.5,"Underweight", IF(AND(D15>=18.5,D15<=24.9),"Healthy Weight", IF(AND(D15>=25,D15<=29.9),"Overweight", IF(D15>=30,"Obesity")))) -> Obesity | F15: 11.9 | G15: =IF(F15<5.7,"Normal",IF(AND(F15>=5.7,F15<=6.4),"Prediabetes",IF(F15>=6.5,"Diabetes"))) -> Diabetes | H15: No | I15: No | J15: No | K15: No major surgery | L15: Yes | M15: 26-Dec-1999 | N15: 24 | O15: 700 | P15: ? | Q15: tier - 3 | R15: R1013 | T15: Id12 | U15: =VLOOKUP(T15,$B$3:$R$2338,2,FALSE) -> David | V15: =VLOOKUP(T15,$B$3:$R$2338,3,FALSE) -> 42.13 | W15: =VLOOKUP(T15,$B$3:$R$2338,4,FALSE) -> Obesity | X15: =VLOOKUP(T15,$B$3:$R$2338,5,FALSE) -> 11.9 | Y15: =VLOOKUP(T15,$B$3:$R$2338,6,0) -> Diabetes | Z15: =VLOOKUP(T15,$B$3:$R$2338,7,0) -> No | AA15: =VLOOKUP(T15,$B$3:$R$2338,8,0) -> No | AB15: =VLOOKUP(T15,$B$3:$R$2338,9,0) -> No | AC15: =VLOOKUP(T15,$B$3:$R$2338,10,0) -> No major surgery | AD15: =VLOOKUP(T15,$B$3:$R$2338,11,0) -> Yes | AE15: =VLOOKUP(T15,$B$3:$R$2338,12,0) -> 26-Dec-1999 | AF15: =VLOOKUP(T15,$B$3:$R$2338,13,0) -> 24 | AG15: =VLOOKUP(T15,$B$3:$R$2338,14,0) -> 700 | AH15: =VLOOKUP(T15,$B$3:$R$2338,15,0) -> ? | AI15: =VLOOKUP(T15,B14:R2349,16,0) -> tier - 3 | AJ15: =VLOOKUP(T15,$B$3:$R$2338,17,0) -> R1013
B16: Id13 | C16: Wade | D16: 40.92 | E16: =IF(D16<18.5,"Underweight", IF(AND(D16>=18.5,D16<=24.9),"Healthy Weight", IF(AND(D16>=25,D16<=29.9),"Overweight", IF(D16>=30,"Obesity")))) -> Obesity | F16: 8.41 | G16: =IF(F16<5.7,"Normal",IF(AND(F16>=5.7,F16<=6.4),"Prediabetes",IF(F16>=6.5,"Diabetes"))) -> Diabetes | H16: No | I16: No | J16: No | K16: No major surgery | L16: Yes | M16: 14-Dec-1999 | N16: 24 | O16: 722.99 | P16: tier - 3 | Q16: tier - 1 | R16: R1013 | T16: Id13 | U16: =VLOOKUP(T16,$B$3:$R$2338,2,FALSE) -> Wade | V16: =VLOOKUP(T16,$B$3:$R$2338,3,FALSE) -> 40.92 | W16: =VLOOKUP(T16,$B$3:$R$2338,4,FALSE) -> Obesity | X16: =VLOOKUP(T16,$B$3:$R$2338,5,FALSE) -> 8.41 | Y16: =VLOOKUP(T16,$B$3:$R$2338,6,0) -> Diabetes | Z16: =VLOOKUP(T16,$B$3:$R$2338,7,0) -> No | AA16: =VLOOKUP(T16,$B$3:$R$2338,8,0) -> No | AB16: =VLOOKUP(T16,$B$3:$R$2338,9,0) -> No | AC16: =VLOOKUP(T16,$B$3:$R$2338,10,0) -> No major surgery | AD16: =VLOOKUP(T16,$B$3:$R$2338,11,0) -> Yes | AE16: =VLOOKUP(T16,$B$3:$R$2338,12,0) -> 14-Dec-1999 | AF16: =VLOOKUP(T16,$B$3:$R$2338,13,0) -> 24 | AG16: =VLOOKUP(T16,$B$3:$R$2338,14,0) -> 722.99 | AH16: =VLOOKUP(T16,$B$3:$R$2338,15,0) -> tier - 3 | AI16: =VLOOKUP(T16,B15:R2350,16,0) -> tier - 1 | AJ16: =VLOOKUP(T16,$B$3:$R$2338,17,0) -> R1013
B17: Id14 | C17: Franklin | D17: 40.565 | E17: =IF(D17<18.5,"Underweight", IF(AND(D17>=18.5,D17<=24.9),"Healthy Weight", IF(AND(D17>=25,D17<=29.9),"Overweight", IF(D17>=30,"Obesity")))) -> Obesity | F17: 7.02 | G17: =IF(F17<5.7,"Normal",IF(AND(F17>=5.7,F17<=6.4),"Prediabetes",IF(F17>=6.5,"Diabetes"))) -> Diabetes | H17: No | I17: No | J17: No | K17: No major surgery | L17: Yes | M17: 19-Sep-2002 | N17: 21 | O17: 750 | P17: tier - 3 | Q17: tier - 1 | R17: R1012 | T17: Id14 | U17: =VLOOKUP(T17,$B$3:$R$2338,2,FALSE) -> Franklin | V17: =VLOOKUP(T17,$B$3:$R$2338,3,FALSE) -> 40.565 | W17: =VLOOKUP(T17,$B$3:$R$2338,4,FALSE) -> Obesity | X17: =VLOOKUP(T17,$B$3:$R$2338,5,FALSE) -> 7.02 | Y17: =VLOOKUP(T17,$B$3:$R$2338,6,0) -> Diabetes | Z17: =VLOOKUP(T17,$B$3:$R$2338,7,0) -> No | AA17: =VLOOKUP(T17,$B$3:$R$2338,8,0) -> No | AB17: =VLOOKUP(T17,$B$3:$R$2338,9,0) -> No | AC17: =VLOOKUP(T17,$B$3:$R$2338,10,0) -> No major surgery | AD17: =VLOOKUP(T17,$B$3:$R$2338,11,0) -> Yes | AE17: =VLOOKUP(T17,$B$3:$R$2338,12,0) -> 19-Sep-2002 | AF17: =VLOOKUP(T17,$B$3:$R$2338,13,0) -> 21 | AG17: =VLOOKUP(T17,$B$3:$R$2338,14,0) -> 750 | AH17: =VLOOKUP(T17,$B$3:$R$2338,15,0) -> tier - 3 | AI17: =VLOOKUP(T17,B16:R2351,16,0) -> tier - 1 | AJ17: =VLOOKUP(T17,$B$3:$R$2338,17,0) -> R1012
B18: Id15 | C18: Leilani M | D18: 36.385 | E18: =IF(D18<18.5,"Underweight", IF(AND(D18>=18.5,D18<=24.9),"Healthy Weight", IF(AND(D18>=25,D18<=29.9),"Overweight", IF(D18>=30,"Obesity")))) -> Obesity | F18: 7.59 | G18: =IF(F18<5.7,"Normal",IF(AND(F18>=5.7,F18<=6.4),"Prediabetes",IF(F18>=6.5,"Diabetes"))) -> Diabetes | H18: Yes | I18: No | J18: No | K18: 2 | L18: Yes | M18: 9-Aug-1993 | N18: 30 | O18: 760 | P18: tier - 3 | Q18: tier - 1 | R18: R1013 | T18: Id15 | U18: =VLOOKUP(T18,$B$3:$R$2338,2,FALSE) -> Leilani M | V18: =VLOOKUP(T18,$B$3:$R$2338,3,FALSE) -> 36.385 | W18: =VLOOKUP(T18,$B$3:$R$2338,4,FALSE) -> Obesity | X18: =VLOOKUP(T18,$B$3:$R$2338,5,FALSE) -> 7.59 | Y18: =VLOOKUP(T18,$B$3:$R$2338,6,0) -> Diabetes | Z18: =VLOOKUP(T18,$B$3:$R$2338,7,0) -> Yes | AA18: =VLOOKUP(T18,$B$3:$R$2338,8,0) -> No | AB18: =VLOOKUP(T18,$B$3:$R$2338,9,0) -> No | AC18: =VLOOKUP(T18,$B$3:$R$2338,10,0) -> 2 | AD18: =VLOOKUP(T18,$B$3:$R$2338,11,0) -> Yes | AE18: =VLOOKUP(T18,$B$3:$R$2338,12,0) -> 9-Aug-1993 | AF18: =VLOOKUP(T18,$B$3:$R$2338,13,0) -> 30 | AG18: =VLOOKUP(T18,$B$3:$R$2338,14,0) -> 760 | AH18: =VLOOKUP(T18,$B$3:$R$2338,15,0) -> tier - 3 | AI18: =VLOOKUP(T18,B17:R2352,16,0) -> tier - 1 | AJ18: =VLOOKUP(T18,$B$3:$R$2338,17,0) -> R1013
B19: Id16 | C19: Philippe | D19: 39.9 | E19: =IF(D19<18.5,"Underweight", IF(AND(D19>=18.5,D19<=24.9),"Healthy Weight", IF(AND(D19>=25,D19<=29.9),"Overweight", IF(D19>=30,"Obesity")))) -> Obesity | F19: 11.32 | G19: =IF(F19<5.7,"Normal",IF(AND(F19>=5.7,F19<=6.4),"Prediabetes",IF(F19>=6.5,"Diabetes"))) -> Diabetes | H19: No | I19: No | J19: No | K19: No major surgery | L19: Yes | M19: 22-Oct-1996 | N19: 27 | O19: 760 | P19: tier - 3 | Q19: tier - 3 | R19: R1013 | T19: Id16 | U19: =VLOOKUP(T19,$B$3:$R$2338,2,FALSE) -> Philippe | V19: =VLOOKUP(T19,$B$3:$R$2338,3,FALSE) -> 39.9 | W19: =VLOOKUP(T19,$B$3:$R$2338,4,FALSE) -> Obesity | X19: =VLOOKUP(T19,$B$3:$R$2338,5,FALSE) -> 11.32 | Y19: =VLOOKUP(T19,$B$3:$R$2338,6,0) -> Diabetes | Z19: =VLOOKUP(T19,$B$3:$R$2338,7,0) -> No | AA19: =VLOOKUP(T19,$B$3:$R$2338,8,0) -> No | AB19: =VLOOKUP(T19,$B$3:$R$2338,9,0) -> No | AC19: =VLOOKUP(T19,$B$3:$R$2338,10,0) -> No major surgery | AD19: =VLOOKUP(T19,$B$3:$R$2338,11,0) -> Yes | AE19: =VLOOKUP(T19,$B$3:$R$2338,12,0) -> 22-Oct-1996 | AF19: =VLOOKUP(T19,$B$3:$R$2338,13,0) -> 27 | AG19: =VLOOKUP(T19,$B$3:$R$2338,14,0) -> 760 | AH19: =VLOOKUP(T19,$B$3:$R$2338,15,0) -> tier - 3 | AI19: =VLOOKUP(T19,B18:R2353,16,0) -> tier - 3 | AJ19: =VLOOKUP(T19,$B$3:$R$2338,17,0) -> R1013
B20: Id17 | C20: Jennifer A | D20: 33.8 | E20: =IF(D20<18.5,"Underweight", IF(AND(D20>=18.5,D20<=24.9),"Healthy Weight", IF(AND(D20>=25,D20<=29.9),"Overweight", IF(D20>=30,"Obesity")))) -> Obesity | F20: 7.67 | G20: =IF(F20<5.7,"Normal",IF(AND(F20>=5.7,F20<=6.4),"Prediabetes",IF(F20>=6.5,"Diabetes"))) -> Diabetes | H20: No | I20: No | J20: No | K20: 3 | L20: Yes | M20: 28-Jun-1993 | N20: 30 | O20: 770 | P20: tier - 3 | Q20: tier - 3 | R20: R1013 | T20: Id17 | U20: =VLOOKUP(T20,$B$3:$R$2338,2,FALSE) -> Jennifer A | V20: =VLOOKUP(T20,$B$3:$R$2338,3,FALSE) -> 33.8 | W20: =VLOOKUP(T20,$B$3:$R$2338,4,FALSE) -> Obesity | X20: =VLOOKUP(T20,$B$3:$R$2338,5,FALSE) -> 7.67 | Y20: =VLOOKUP(T20,$B$3:$R$2338,6,0) -> Diabetes | Z20: =VLOOKUP(T20,$B$3:$R$2338,7,0) -> No | AA20: =VLOOKUP(T20,$B$3:$R$2338,8,0) -> No | AB20: =VLOOKUP(T20,$B$3:$R$2338,9,0) -> No | AC20: =VLOOKUP(T20,$B$3:$R$2338,10,0) -> 3 | AD20: =VLOOKUP(T20,$B$3:$R$2338,11,0) -> Yes | AE20: =VLOOKUP(T20,$B$3:$R$2338,12,0) -> 28-Jun-1993 | AF20: =VLOOKUP(T20,$B$3:$R$2338,13,0) -> 30 | AG20: =VLOOKUP(T20,$B$3:$R$2338,14,0) -> 770 | AH20: =VLOOKUP(T20,$B$3:$R$2338,15,0) -> tier - 3 | AI20: =VLOOKUP(T20,B19:R2354,16,0) -> tier - 3 | AJ20: =VLOOKUP(T20,$B$3:$R$2338,17,0) -> R1013
B21: Id18 | C21: Christina M | D21: 36.765 | E21: =IF(D21<18.5,"Underweight", IF(AND(D21>=18.5,D21<=24.9),"Healthy Weight", IF(AND(D21>=25,D21<=29.9),"Overweight", IF(D21>=30,"Obesity")))) -> Obesity | F21: 7.29 | G21: =IF(F21<5.7,"Normal",IF(AND(F21>=5.7,F21<=6.4),"Prediabetes",IF(F21>=6.5,"Diabetes"))) -> Diabetes | H21: Yes | I21: No | J21: Yes | K21: 1 | L21: Yes | M21: 18-Sep-1996 | N21: 27 | O21: 770.38 | P21: tier - 3 | Q21: ? | R21: R1012 | T21: Id18 | U21: =VLOOKUP(T21,$B$3:$R$2338,2,FALSE) -> Christina M | V21: =VLOOKUP(T21,$B$3:$R$2338,3,FALSE) -> 36.765 | W21: =VLOOKUP(T21,$B$3:$R$2338,4,FALSE) -> Obesity | X21: =VLOOKUP(T21,$B$3:$R$2338,5,FALSE) -> 7.29 | Y21: =VLOOKUP(T21,$B$3:$R$2338,6,0) -> Diabetes | Z21: =VLOOKUP(T21,$B$3:$R$2338,7,0) -> Yes | AA21: =VLOOKUP(T21,$B$3:$R$2338,8,0) -> No | AB21: =VLOOKUP(T21,$B$3:$R$2338,9,0) -> Yes | AC21: =VLOOKUP(T21,$B$3:$R$2338,10,0) -> 1 | AD21: =VLOOKUP(T21,$B$3:$R$2338,11,0) -> Yes | AE21: =VLOOKUP(T21,$B$3:$R$2338,12,0) -> 18-Sep-1996 | AF21: =VLOOKUP(T21,$B$3:$R$2338,13,0) -> 27 | AG21: =VLOOKUP(T21,$B$3:$R$2338,14,0) -> 770.38 | AH21: =VLOOKUP(T21,$B$3:$R$2338,15,0) -> tier - 3 | AI21: =VLOOKUP(T21,B20:R2355,16,0) -> ? | AJ21: =VLOOKUP(T21,$B$3:$R$2338,17,0) -> R1012
B22: Id19 | C22: Said Sr | D22: 36.955 | E22: =IF(D22<18.5,"Underweight", IF(AND(D22>=18.5,D22<=24.9),"Healthy Weight", IF(AND(D22>=25,D22<=29.9),"Overweight", IF(D22>=30,"Obesity")))) -> Obesity | F22: 4.72 | G22: =IF(F22<5.7,"Normal",IF(AND(F22>=5.7,F22<=6.4),"Prediabetes",IF(F22>=6.5,"Diabetes"))) -> Normal | H22: Yes | I22: No | J22: No | K22: 1 | L22: Yes | M22: 7-Dec-1995 | N22: 28 | O22: 773.54 | P22: tier - 3 | Q22: tier - 2 | R22: R1013 | T22: Id19 | U22: =VLOOKUP(T22,$B$3:$R$2338,2,FALSE) -> Said Sr | V22: =VLOOKUP(T22,$B$3:$R$2338,3,FALSE) -> 36.955 | W22: =VLOOKUP(T22,$B$3:$R$2338,4,FALSE) -> Obesity | X22: =VLOOKUP(T22,$B$3:$R$2338,5,FALSE) -> 4.72 | Y22: =VLOOKUP(T22,$B$3:$R$2338,6,0) -> Normal | Z22: =VLOOKUP(T22,$B$3:$R$2338,7,0) -> Yes | AA22: =VLOOKUP(T22,$B$3:$R$2338,8,0) -> No | AB22: =VLOOKUP(T22,$B$3:$R$2338,9,0) -> No | AC22: =VLOOKUP(T22,$B$3:$R$2338,10,0) -> 1 | AD22: =VLOOKUP(T22,$B$3:$R$2338,11,0) -> Yes | AE22: =VLOOKUP(T22,$B$3:$R$2338,12,0) -> 7-Dec-1995 | AF22: =VLOOKUP(T22,$B$3:$R$2338,13,0) -> 28 | AG22: =VLOOKUP(T22,$B$3:$R$2338,14,0) -> 773.54 | AH22: =VLOOKUP(T22,$B$3:$R$2338,15,0) -> tier - 3 | AI22: =VLOOKUP(T22,B21:R2356,16,0) -> tier - 2 | AJ22: =VLOOKUP(T22,$B$3:$R$2338,17,0) -> R1013
B23: Id20 | C23: John | D23: 42.9 | E23: =IF(D23<18.5,"Underweight", IF(AND(D23>=18.5,D23<=24.9),"Healthy Weight", IF(AND(D23>=25,D23<=29.9),"Overweight", IF(D23>=30,"Obesity")))) -> Obesity | F23: 11.41 | G23: =IF(F23<5.7,"Normal",IF(AND(F23>=5.7,F23<=6.4),"Prediabetes",IF(F23>=6.5,"Diabetes"))) -> Diabetes | H23: No | I23: No | J23: No | K23: No major surgery | L23: Yes | M23: 7-Oct-2004 | N23: 19 | O23: 830.52 | P23: tier - 3 | Q23: tier - 2 | R23: R1011 | T23: Id20 | U23: =VLOOKUP(T23,$B$3:$R$2338,2,FALSE) -> John | V23: =VLOOKUP(T23,$B$3:$R$2338,3,FALSE) -> 42.9 | W23: =VLOOKUP(T23,$B$3:$R$2338,4,FALSE) -> Obesity | X23: =VLOOKUP(T23,$B$3:$R$2338,5,FALSE) -> 11.41 | Y23: =VLOOKUP(T23,$B$3:$R$2338,6,0) -> Diabetes | Z23: =VLOOKUP(T23,$B$3:$R$2338,7,0) -> No | AA23: =VLOOKUP(T23,$B$3:$R$2338,8,0) -> No | AB23: =VLOOKUP(T23,$B$3:$R$2338,9,0) -> No | AC23: =VLOOKUP(T23,$B$3:$R$2338,10,0) -> No major surgery | AD23: =VLOOKUP(T23,$B$3:$R$2338,11,0) -> Yes | AE23: =VLOOKUP(T23,$B$3:$R$2338,12,0) -> 7-Oct-2004 | AF23: =VLOOKUP(T23,$B$3:$R$2338,13,0) -> 19 | AG23: =VLOOKUP(T23,$B$3:$R$2338,14,0) -> 830.52 | AH23: =VLOOKUP(T23,$B$3:$R$2338,15,0) -> tier - 3 | AI23: =VLOOKUP(T23,B22:R2357,16,0) -> tier - 2 | AJ23: =VLOOKUP(T23,$B$3:$R$2338,17,0) -> R1011
B24: Id21 | C24: Myles | D24: 36.3 | E24: =IF(D24<18.5,"Underweight", IF(AND(D24>=18.5,D24<=24.9),"Healthy Weight", IF(AND(D24>=25,D24<=29.9),"Overweight", IF(D24>=30,"Obesity")))) -> Obesity | F24: 11.5 | G24: =IF(F24<5.7,"Normal",IF(AND(F24>=5.7,F24<=6.4),"Prediabetes",IF(F24>=6.5,"Diabetes"))) -> Diabetes | H24: Yes | I24: No | J24: No | K24: 2 | L24: Yes | M24: 18-Nov-2000 | N24: 23 | O24: 865.41 | P24: tier - 3 | Q24: tier - 1 | R24: R1013 | T24: Id21 | U24: =VLOOKUP(T24,$B$3:$R$2338,2,FALSE) -> Myles | V24: =VLOOKUP(T24,$B$3:$R$2338,3,FALSE) -> 36.3 | W24: =VLOOKUP(T24,$B$3:$R$2338,4,FALSE) -> Obesity | X24: =VLOOKUP(T24,$B$3:$R$2338,5,FALSE) -> 11.5 | Y24: =VLOOKUP(T24,$B$3:$R$2338,6,0) -> Diabetes | Z24: =VLOOKUP(T24,$B$3:$R$2338,7,0) -> Yes | AA24: =VLOOKUP(T24,$B$3:$R$2338,8,0) -> No | AB24: =VLOOKUP(T24,$B$3:$R$2338,9,0) -> No | AC24: =VLOOKUP(T24,$B$3:$R$2338,10,0) -> 2 | AD24: =VLOOKUP(T24,$B$3:$R$2338,11,0) -> Yes | AE24: =VLOOKUP(T24,$B$3:$R$2338,12,0) -> 18-Nov-2000 | AF24: =VLOOKUP(T24,$B$3:$R$2338,13,0) -> 23 | AG24: =VLOOKUP(T24,$B$3:$R$2338,14,0) -> 865.41 | AH24: =VLOOKUP(T24,$B$3:$R$2338,15,0) -> tier - 3 | AI24: =VLOOKUP(T24,B23:R2358,16,0) -> tier - 1 | AJ24: =VLOOKUP(T24,$B$3:$R$2338,17,0) -> R1013
B25: Id22 | C25: Madelyn C | D25: 32.2 | E25: =IF(D25<18.5,"Underweight", IF(AND(D25>=18.5,D25<=24.9),"Healthy Weight", IF(AND(D25>=25,D25<=29.9),"Overweight", IF(D25>=30,"Obesity")))) -> Obesity | F25: 6.22 | G25: =IF(F25<5.7,"Normal",IF(AND(F25>=5.7,F25<=6.4),"Prediabetes",IF(F25>=6.5,"Diabetes"))) -> Prediabetes | H25: Yes | I25: No | J25: No | K25: 2 | L25: Yes | M25: 27-Nov-1993 | N25: 30 | O25: 896.21 | P25: tier - 3 | Q25: tier - 1 | R25: R1013 | T25: Id22 | U25: =VLOOKUP(T25,$B$3:$R$2338,2,FALSE) -> Madelyn C | V25: =VLOOKUP(T25,$B$3:$R$2338,3,FALSE) -> 32.2 | W25: =VLOOKUP(T25,$B$3:$R$2338,4,FALSE) -> Obesity | X25: =VLOOKUP(T25,$B$3:$R$2338,5,FALSE) -> 6.22 | Y25: =VLOOKUP(T25,$B$3:$R$2338,6,0) -> Prediabetes | Z25: =VLOOKUP(T25,$B$3:$R$2338,7,0) -> Yes | AA25: =VLOOKUP(T25,$B$3:$R$2338,8,0) -> No | AB25: =VLOOKUP(T25,$B$3:$R$2338,9,0) -> No | AC25: =VLOOKUP(T25,$B$3:$R$2338,10,0) -> 2 | AD25: =VLOOKUP(T25,$B$3:$R$2338,11,0) -> Yes | AE25: =VLOOKUP(T25,$B$3:$R$2338,12,0) -> 27-Nov-1993 | AF25: =VLOOKUP(T25,$B$3:$R$2338,13,0) -> 30 | AG25: =VLOOKUP(T25,$B$3:$R$2338,14,0) -> 896.21 | AH25: =VLOOKUP(T25,$B$3:$R$2338,15,0) -> tier - 3 | AI25: =VLOOKUP(T25,B24:R2359,16,0) -> tier - 1 | AJ25: =VLOOKUP(T25,$B$3:$R$2338,17,0) -> R1013
B26: Id23 | C26: Nicole | D26: 31.3 | E26: =IF(D26<18.5,"Underweight", IF(AND(D26>=18.5,D26<=24.9),"Healthy Weight", IF(AND(D26>=25,D26<=29.9),"Overweight", IF(D26>=30,"Obesity")))) -> Obesity | F26: 11.38 | G26: =IF(F26<5.7,"Normal",IF(AND(F26>=5.7,F26<=6.4),"Prediabetes",IF(F26>=6.5,"Diabetes"))) -> Diabetes | H26: No | I26: No | J26: No | K26: 3 | L26: Yes | M26: 30-Oct-1994 | N26: 29 | O26: 915.07 | P26: tier - 3 | Q26: tier - 1 | R26: R1013 | T26: Id23 | U26: =VLOOKUP(T26,$B$3:$R$2338,2,FALSE) -> Nicole | V26: =VLOOKUP(T26,$B$3:$R$2338,3,FALSE) -> 31.3 | W26: =VLOOKUP(T26,$B$3:$R$2338,4,FALSE) -> Obesity | X26: =VLOOKUP(T26,$B$3:$R$2338,5,FALSE) -> 11.38 | Y26: =VLOOKUP(T26,$B$3:$R$2338,6,0) -> Diabetes | Z26: =VLOOKUP(T26,$B$3:$R$2338,7,0) -> No | AA26: =VLOOKUP(T26,$B$3:$R$2338,8,0) -> No | AB26: =VLOOKUP(T26,$B$3:$R$2338,9,0) -> No | AC26: =VLOOKUP(T26,$B$3:$R$2338,10,0) -> 3 | AD26: =VLOOKUP(T26,$B$3:$R$2338,11,0) -> Yes | AE26: =VLOOKUP(T26,$B$3:$R$2338,12,0) -> 30-Oct-1994 | AF26: =VLOOKUP(T26,$B$3:$R$2338,13,0) -> 29 | AG26: =VLOOKUP(T26,$B$3:$R$2338,14,0) -> 915.07 | AH26: =VLOOKUP(T26,$B$3:$R$2338,15,0) -> tier - 3 | AI26: =VLOOKUP(T26,B25:R2360,16,0) -> tier - 1 | AJ26: =VLOOKUP(T26,$B$3:$R$2338,17,0) -> R1013
B27: Id24 | C27: Eric A | D27: 41.8 | E27: =IF(D27<18.5,"Underweight", IF(AND(D27>=18.5,D27<=24.9),"Healthy Weight", IF(AND(D27>=25,D27<=29.9),"Overweight", IF(D27>=30,"Obesity")))) -> Obesity | F27: 7.89 | G27: =IF(F27<5.7,"Normal",IF(AND(F27>=5.7,F27<=6.4),"Prediabetes",IF(F27>=6.5,"Diabetes"))) -> Diabetes | H27: Yes | I27: No | J27: No | K27: 2 | L27: Yes | M27: 28-Oct-1995 | N27: 28 | O27: 928.59 | P27: tier - 3 | Q27: tier - 1 | R27: R1013 | T27: Id24 | U27: =VLOOKUP(T27,$B$3:$R$2338,2,FALSE) -> Eric A | V27: =VLOOKUP(T27,$B$3:$R$2338,3,FALSE) -> 41.8 | W27: =VLOOKUP(T27,$B$3:$R$2338,4,FALSE) -> Obesity | X27: =VLOOKUP(T27,$B$3:$R$2338,5,FALSE) -> 7.89 | Y27: =VLOOKUP(T27,$B$3:$R$2338,6,0) -> Diabetes | Z27: =VLOOKUP(T27,$B$3:$R$2338,7,0) -> Yes | AA27: =VLOOKUP(T27,$B$3:$R$2338,8,0) -> No | AB27: =VLOOKUP(T27,$B$3:$R$2338,9,0) -> No | AC27: =VLOOKUP(T27,$B$3:$R$2338,10,0) -> 2 | AD27: =VLOOKUP(T27,$B$3:$R$2338,11,0) -> Yes | AE27: =VLOOKUP(T27,$B$3:$R$2338,12,0) -> 28-Oct-1995 | AF27: =VLOOKUP(T27,$B$3:$R$2338,13,0) -> 28 | AG27: =VLOOKUP(T27,$B$3:$R$2338,14,0) -> 928.59 | AH27: =VLOOKUP(T27,$B$3:$R$2338,15,0) -> tier - 3 | AI27: =VLOOKUP(T27,B26:R2361,16,0) -> tier - 1 | AJ27: =VLOOKUP(T27,$B$3:$R$2338,17,0) -> R1013
B28: Id25 | C28: Emiliano I | D28: 35.09 | E28: =IF(D28<18.5,"Underweight", IF(AND(D28>=18.5,D28<=24.9),"Healthy Weight", IF(AND(D28>=25,D28<=29.9),"Overweight", IF(D28>=30,"Obesity")))) -> Obesity | F28: 4.38 | G28: =IF(F28<5.7,"Normal",IF(AND(F28>=5.7,F28<=6.4),"Prediabetes",IF(F28>=6.5,"Diabetes"))) -> Normal | H28: Yes | I28: No | J28: No | K28: 2 | L28: Yes | M28: 19-Aug-2001 | N28: 22 | O28: 964.71 | P28: tier - 3 | Q28: tier - 2 | R28: R1013 | T28: Id25 | U28: =VLOOKUP(T28,$B$3:$R$2338,2,FALSE) -> Emiliano I | V28: =VLOOKUP(T28,$B$3:$R$2338,3,FALSE) -> 35.09 | W28: =VLOOKUP(T28,$B$3:$R$2338,4,FALSE) -> Obesity | X28: =VLOOKUP(T28,$B$3:$R$2338,5,FALSE) -> 4.38 | Y28: =VLOOKUP(T28,$B$3:$R$2338,6,0) -> Normal | Z28: =VLOOKUP(T28,$B$3:$R$2338,7,0) -> Yes | AA28: =VLOOKUP(T28,$B$3:$R$2338,8,0) -> No | AB28: =VLOOKUP(T28,$B$3:$R$2338,9,0) -> No | AC28: =VLOOKUP(T28,$B$3:$R$2338,10,0) -> 2 | AD28: =VLOOKUP(T28,$B$3:$R$2338,11,0) -> Yes | AE28: =VLOOKUP(T28,$B$3:$R$2338,12,0) -> 19-Aug-2001 | AF28: =VLOOKUP(T28,$B$3:$R$2338,13,0) -> 22 | AG28: =VLOOKUP(T28,$B$3:$R$2338,14,0) -> 964.71 | AH28: =VLOOKUP(T28,$B$3:$R$2338,15,0) -> tier - 3 | AI28: =VLOOKUP(T28,B27:R2362,16,0) -> tier - 2 | AJ28: =VLOOKUP(T28,$B$3:$R$2338,17,0) -> R1013
B29: Id26 | C29: Adam | D29: 33.88 | E29: =IF(D29<18.5,"Underweight", IF(AND(D29>=18.5,D29<=24.9),"Healthy Weight", IF(AND(D29>=25,D29<=29.9),"Overweight", IF(D29>=30,"Obesity")))) -> Obesity | F29: 7.01 | G29: =IF(F29<5.7,"Normal",IF(AND(F29>=5.7,F29<=6.4),"Prediabetes",IF(F29>=6.5,"Diabetes"))) -> Diabetes | H29: No | I29: No | J29: No | K29: 3 | L29: Yes | M29: 22-Nov-1994 | N29: 29 | O29: 1006.65 | P29: tier - 3 | Q29: tier - 2 | R29: R1013 | T29: Id26 | U29: =VLOOKUP(T29,$B$3:$R$2338,2,FALSE) -> Adam | V29: =VLOOKUP(T29,$B$3:$R$2338,3,FALSE) -> 33.88 | W29: =VLOOKUP(T29,$B$3:$R$2338,4,FALSE) -> Obesity | X29: =VLOOKUP(T29,$B$3:$R$2338,5,FALSE) -> 7.01 | Y29: =VLOOKUP(T29,$B$3:$R$2338,6,0) -> Diabetes | Z29: =VLOOKUP(T29,$B$3:$R$2338,7,0) -> No | AA29: =VLOOKUP(T29,$B$3:$R$2338,8,0) -> No | AB29: =VLOOKUP(T29,$B$3:$R$2338,9,0) -> No | AC29: =VLOOKUP(T29,$B$3:$R$2338,10,0) -> 3 | AD29: =VLOOKUP(T29,$B$3:$R$2338,11,0) -> Yes | AE29: =VLOOKUP(T29,$B$3:$R$2338,12,0) -> 22-Nov-1994 | AF29: =VLOOKUP(T29,$B$3:$R$2338,13,0) -> 29 | AG29: =VLOOKUP(T29,$B$3:$R$2338,14,0) -> 1006.65 | AH29: =VLOOKUP(T29,$B$3:$R$2338,15,0) -> tier - 3 | AI29: =VLOOKUP(T29,B28:R2363,16,0) -> tier - 2 | AJ29: =VLOOKUP(T29,$B$3:$R$2338,17,0) -> R1013
B30: Id27 | C30: Zach | D30: 30.875 | E30: =IF(D30<18.5,"Underweight", IF(AND(D30>=18.5,D30<=24.9),"Healthy Weight", IF(AND(D30>=25,D30<=29.9),"Overweight", IF(D30>=30,"Obesity")))) -> Obesity | F30: 11.88 | G30: =IF(F30<5.7,"Normal",IF(AND(F30>=5.7,F30<=6.4),"Prediabetes",IF(F30>=6.5,"Diabetes"))) -> Diabetes | H30: No | I30: No | J30: No | K30: No major surgery | L30: Yes | M30: 9-Oct-2000 | N30: 23 | O30: 1012 | P30: tier - 3 | Q30: tier - 2 | R30: R1013 | T30: Id27 | U30: =VLOOKUP(T30,$B$3:$R$2338,2,FALSE) -> Zach | V30: =VLOOKUP(T30,$B$3:$R$2338,3,FALSE) -> 30.875 | W30: =VLOOKUP(T30,$B$3:$R$2338,4,FALSE) -> Obesity | X30: =VLOOKUP(T30,$B$3:$R$2338,5,FALSE) -> 11.88 | Y30: =VLOOKUP(T30,$B$3:$R$2338,6,0) -> Diabetes | Z30: =VLOOKUP(T30,$B$3:$R$2338,7,0) -> No | AA30: =VLOOKUP(T30,$B$3:$R$2338,8,0) -> No | AB30: =VLOOKUP(T30,$B$3:$R$2338,9,0) -> No | AC30: =VLOOKUP(T30,$B$3:$R$2338,10,0) -> No major surgery | AD30: =VLOOKUP(T30,$B$3:$R$2338,11,0) -> Yes | AE30: =VLOOKUP(T30,$B$3:$R$2338,12,0) -> 9-Oct-2000 | AF30: =VLOOKUP(T30,$B$3:$R$2338,13,0) -> 23 | AG30: =VLOOKUP(T30,$B$3:$R$2338,14,0) -> 1012 | AH30: =VLOOKUP(T30,$B$3:$R$2338,15,0) -> tier - 3 | AI30: =VLOOKUP(T30,B29:R2364,16,0) -> tier - 2 | AJ30: =VLOOKUP(T30,$B$3:$R$2338,17,0) -> R1013
B31: Id28 | C31: Stephanie W | D31: 36.86 | E31: =IF(D31<18.5,"Underweight", IF(AND(D31>=18.5,D31<=24.9),"Healthy Weight", IF(AND(D31>=25,D31<=29.9),"Overweight", IF(D31>=30,"Obesity")))) -> Obesity | F31: 5.19 | G31: =IF(F31<5.7,"Normal",IF(AND(F31>=5.7,F31<=6.4),"Prediabetes",IF(F31>=6.5,"Diabetes"))) -> Normal | H31: Yes | I31: No | J31: Yes | K31: 1 | L31: Yes | M31: 5-Aug-1999 | N31: 24 | O31: 1019 | P31: tier - 3 | Q31: tier - 2 | R31: R1013 | T31: Id28 | U31: =VLOOKUP(T31,$B$3:$R$2338,2,FALSE) -> Stephanie W | V31: =VLOOKUP(T31,$B$3:$R$2338,3,FALSE) -> 36.86 | W31: =VLOOKUP(T31,$B$3:$R$2338,4,FALSE) -> Obesity | X31: =VLOOKUP(T31,$B$3:$R$2338,5,FALSE) -> 5.19 | Y31: =VLOOKUP(T31,$B$3:$R$2338,6,0) -> Normal | Z31: =VLOOKUP(T31,$B$3:$R$2338,7,0) -> Yes | AA31: =VLOOKUP(T31,$B$3:$R$2338,8,0) -> No | AB31: =VLOOKUP(T31,$B$3:$R$2338,9,0) -> Yes | AC31: =VLOOKUP(T31,$B$3:$R$2338,10,0) -> 1 | AD31: =VLOOKUP(T31,$B$3:$R$2338,11,0) -> Yes | AE31: =VLOOKUP(T31,$B$3:$R$2338,12,0) -> 5-Aug-1999 | AF31: =VLOOKUP(T31,$B$3:$R$2338,13,0) -> 24 | AG31: =VLOOKUP(T31,$B$3:$R$2338,14,0) -> 1019 | AH31: =VLOOKUP(T31,$B$3:$R$2338,15,0) -> tier - 3 | AI31: =VLOOKUP(T31,B30:R2365,16,0) -> tier - 2 | AJ31: =VLOOKUP(T31,$B$3:$R$2338,17,0) -> R1013
B32: Id29 | C32: Stephen | D32: 35.86 | E32: =IF(D32<18.5,"Underweight", IF(AND(D32>=18.5,D32<=24.9),"Healthy Weight", IF(AND(D32>=25,D32<=29.9),"Overweight", IF(D32>=30,"Obesity")))) -> Obesity | F32: 6.74 | G32: =IF(F32<5.7,"Normal",IF(AND(F32>=5.7,F32<=6.4),"Prediabetes",IF(F32>=6.5,"Diabetes"))) -> Diabetes | H32: Yes | I32: No | J32: No | K32: 2 | L32: Yes | M32: 5-Oct-1995 | N32: 28 | O32: 1033.74 | P32: tier - 3 | Q32: tier - 1 | R32: R1013 | T32: Id29 | U32: =VLOOKUP(T32,$B$3:$R$2338,2,FALSE) -> Stephen | V32: =VLOOKUP(T32,$B$3:$R$2338,3,FALSE) -> 35.86 | W32: =VLOOKUP(T32,$B$3:$R$2338,4,FALSE) -> Obesity | X32: =VLOOKUP(T32,$B$3:$R$2338,5,FALSE) -> 6.74 | Y32: =VLOOKUP(T32,$B$3:$R$2338,6,0) -> Diabetes | Z32: =VLOOKUP(T32,$B$3:$R$2338,7,0) -> Yes | AA32: =VLOOKUP(T32,$B$3:$R$2338,8,0) -> No | AB32: =VLOOKUP(T32,$B$3:$R$2338,9,0) -> No | AC32: =VLOOKUP(T32,$B$3:$R$2338,10,0) -> 2 | AD32: =VLOOKUP(T32,$B$3:$R$2338,11,0) -> Yes | AE32: =VLOOKUP(T32,$B$3:$R$2338,12,0) -> 5-Oct-1995 | AF32: =VLOOKUP(T32,$B$3:$R$2338,13,0) -> 28 | AG32: =VLOOKUP(T32,$B$3:$R$2338,14,0) -> 1033.74 | AH32: =VLOOKUP(T32,$B$3:$R$2338,15,0) -> tier - 3 | AI32: =VLOOKUP(T32,B31:R2366,16,0) -> tier - 1 | AJ32: =VLOOKUP(T32,$B$3:$R$2338,17,0) -> R1013
B33: Id30 | C33: Natalie | D33: 37.05 | E33: =IF(D33<18.5,"Underweight", IF(AND(D33>=18.5,D33<=24.9),"Healthy Weight", IF(AND(D33>=25,D33<=29.9),"Overweight", IF(D33>=30,"Obesity")))) -> Obesity | F33: 8.44 | G33: =IF(F33<5.7,"Normal",IF(AND(F33>=5.7,F33<=6.4),"Prediabetes",IF(F33>=6.5,"Diabetes"))) -> Diabetes | H33: No | I33: No | J33: No | K33: No major surgery | L33: Yes | M33: 17-Nov-1994 | N33: 29 | O33: 1044 | P33: tier - 3 | Q33: tier - 2 | R33: R1013 | T33: Id30 | U33: =VLOOKUP(T33,$B$3:$R$2338,2,FALSE) -> Natalie | V33: =VLOOKUP(T33,$B$3:$R$2338,3,FALSE) -> 37.05 | W33: =VLOOKUP(T33,$B$3:$R$2338,4,FALSE) -> Obesity | X33: =VLOOKUP(T33,$B$3:$R$2338,5,FALSE) -> 8.44 | Y33: =VLOOKUP(T33,$B$3:$R$2338,6,0) -> Diabetes | Z33: =VLOOKUP(T33,$B$3:$R$2338,7,0) -> No | AA33: =VLOOKUP(T33,$B$3:$R$2338,8,0) -> No | AB33: =VLOOKUP(T33,$B$3:$R$2338,9,0) -> No | AC33: =VLOOKUP(T33,$B$3:$R$2338,10,0) -> No major surgery | AD33: =VLOOKUP(T33,$B$3:$R$2338,11,0) -> Yes | AE33: =VLOOKUP(T33,$B$3:$R$2338,12,0) -> 17-Nov-1994 | AF33: =VLOOKUP(T33,$B$3:$R$2338,13,0) -> 29 | AG33: =VLOOKUP(T33,$B$3:$R$2338,14,0) -> 1044 | AH33: =VLOOKUP(T33,$B$3:$R$2338,15,0) -> tier - 3 | AI33: =VLOOKUP(T33,B32:R2367,16,0) -> tier - 2 | AJ33: =VLOOKUP(T33,$B$3:$R$2338,17,0) -> R1013
B34: Id31 | C34: Nicole J | D34: 43.89 | E34: =IF(D34<18.5,"Underweight", IF(AND(D34>=18.5,D34<=24.9),"Healthy Weight", IF(AND(D34>=25,D34<=29.9),"Overweight", IF(D34>=30,"Obesity")))) -> Obesity | F34: 8.71 | G34: =IF(F34<5.7,"Normal",IF(AND(F34>=5.7,F34<=6.4),"Prediabetes",IF(F34>=6.5,"Diabetes"))) -> Diabetes | H34: No | I34: No | J34: No | K34: No major surgery | L34: Yes | M34: 20-Jul-2002 | N34: 21 | O34: 1047 | P34: tier - 3 | Q34: tier - 1 | R34: R1013 | T34: Id31 | U34: =VLOOKUP(T34,$B$3:$R$2338,2,FALSE) -> Nicole J | V34: =VLOOKUP(T34,$B$3:$R$2338,3,FALSE) -> 43.89 | W34: =VLOOKUP(T34,$B$3:$R$2338,4,FALSE) -> Obesity | X34: =VLOOKUP(T34,$B$3:$R$2338,5,FALSE) -> 8.71 | Y34: =VLOOKUP(T34,$B$3:$R$2338,6,0) -> Diabetes | Z34: =VLOOKUP(T34,$B$3:$R$2338,7,0) -> No | AA34: =VLOOKUP(T34,$B$3:$R$2338,8,0) -> No | AB34: =VLOOKUP(T34,$B$3:$R$2338,9,0) -> No | AC34: =VLOOKUP(T34,$B$3:$R$2338,10,0) -> No major surgery | AD34: =VLOOKUP(T34,$B$3:$R$2338,11,0) -> Yes | AE34: =VLOOKUP(T34,$B$3:$R$2338,12,0) -> 20-Jul-2002 | AF34: =VLOOKUP(T34,$B$3:$R$2338,13,0) -> 21 | AG34: =VLOOKUP(T34,$B$3:$R$2338,14,0) -> 1047 | AH34: =VLOOKUP(T34,$B$3:$R$2338,15,0) -> tier - 3 | AI34: =VLOOKUP(T34,B33:R2368,16,0) -> tier - 1 | AJ34: =VLOOKUP(T34,$B$3:$R$2338,17,0) -> R1013
B35: Id32 | C35: Jefferson D | D35: 42.35 | E35: =IF(D35<18.5,"Underweight", IF(AND(D35>=18.5,D35<=24.9),"Healthy Weight", IF(AND(D35>=25,D35<=29.9),"Overweight", IF(D35>=30,"Obesity")))) -> Obesity | F35: 5.08 | G35: =IF(F35<5.7,"Normal",IF(AND(F35>=5.7,F35<=6.4),"Prediabetes",IF(F35>=6.5,"Diabetes"))) -> Normal | H35: Yes | I35: No | J35: No | K35: No major surgery | L35: Yes | M35: 1-Jul-2002 | N35: 21 | O35: 1049 | P35: tier - 3 | Q35: tier - 2 | R35: R1012 | T35: Id32 | U35: =VLOOKUP(T35,$B$3:$R$2338,2,FALSE) -> Jefferson D | V35: =VLOOKUP(T35,$B$3:$R$2338,3,FALSE) -> 42.35 | W35: =VLOOKUP(T35,$B$3:$R$2338,4,FALSE) -> Obesity | X35: =VLOOKUP(T35,$B$3:$R$2338,5,FALSE) -> 5.08 | Y35: =VLOOKUP(T35,$B$3:$R$2338,6,0) -> Normal | Z35: =VLOOKUP(T35,$B$3:$R$2338,7,0) -> Yes | AA35: =VLOOKUP(T35,$B$3:$R$2338,8,0) -> No | AB35: =VLOOKUP(T35,$B$3:$R$2338,9,0) -> No | AC35: =VLOOKUP(T35,$B$3:$R$2338,10,0) -> No major surgery | AD35: =VLOOKUP(T35,$B$3:$R$2338,11,0) -> Yes | AE35: =VLOOKUP(T35,$B$3:$R$2338,12,0) -> 1-Jul-2002 | AF35: =VLOOKUP(T35,$B$3:$R$2338,13,0) -> 21 | AG35: =VLOOKUP(T35,$B$3:$R$2338,14,0) -> 1049 | AH35: =VLOOKUP(T35,$B$3:$R$2338,15,0) -> tier - 3 | AI35: =VLOOKUP(T35,B34:R2369,16,0) -> tier - 2 | AJ35: =VLOOKUP(T35,$B$3:$R$2338,17,0) -> R1012
B36: Id33 | C36: Brendan D | D36: 31.35 | E36: =IF(D36<18.5,"Underweight", IF(AND(D36>=18.5,D36<=24.9),"Healthy Weight", IF(AND(D36>=25,D36<=29.9),"Overweight", IF(D36>=30,"Obesity")))) -> Obesity | F36: 6.86 | G36: =IF(F36<5.7,"Normal",IF(AND(F36>=5.7,F36<=6.4),"Prediabetes",IF(F36>=6.5,"Diabetes"))) -> Diabetes | H36: No | I36: No | J36: No | K36: No major surgery | L36: Yes | M36: 1-Jun-1995 | N36: 28 | O36: 1056 | P36: tier - 3 | Q36: tier - 2 | R36: R1013 | T36: Id33 | U36: =VLOOKUP(T36,$B$3:$R$2338,2,FALSE) -> Brendan D | V36: =VLOOKUP(T36,$B$3:$R$2338,3,FALSE) -> 31.35 | W36: =VLOOKUP(T36,$B$3:$R$2338,4,FALSE) -> Obesity | X36: =VLOOKUP(T36,$B$3:$R$2338,5,FALSE) -> 6.86 | Y36: =VLOOKUP(T36,$B$3:$R$2338,6,0) -> Diabetes | Z36: =VLOOKUP(T36,$B$3:$R$2338,7,0) -> No | AA36: =VLOOKUP(T36,$B$3:$R$2338,8,0) -> No | AB36: =VLOOKUP(T36,$B$3:$R$2338,9,0) -> No | AC36: =VLOOKUP(T36,$B$3:$R$2338,10,0) -> No major surgery | AD36: =VLOOKUP(T36,$B$3:$R$2338,11,0) -> Yes | AE36: =VLOOKUP(T36,$B$3:$R$2338,12,0) -> 1-Jun-1995 | AF36: =VLOOKUP(T36,$B$3:$R$2338,13,0) -> 28 | AG36: =VLOOKUP(T36,$B$3:$R$2338,14,0) -> 1056 | AH36: =VLOOKUP(T36,$B$3:$R$2338,15,0) -> tier - 3 | AI36: =VLOOKUP(T36,B35:R2370,16,0) -> tier - 2 | AJ36: =VLOOKUP(T36,$B$3:$R$2338,17,0) -> R1013
B37: Id34 | C37: Courtney | D37: 47.6 | E37: =IF(D37<18.5,"Underweight", IF(AND(D37>=18.5,D37<=24.9),"Healthy Weight", IF(AND(D37>=25,D37<=29.9),"Overweight", IF(D37>=30,"Obesity")))) -> Obesity | F37: 5.95 | G37: =IF(F37<5.7,"Normal",IF(AND(F37>=5.7,F37<=6.4),"Prediabetes",IF(F37>=6.5,"Diabetes"))) -> Prediabetes | H37: Yes | I37: No | J37: No | K37: No major surgery | L37: Yes | M37: 28-Sep-1993 | N37: 30 | O37: 1068 | P37: tier - 3 | Q37: tier - 1 | R37: R1013 | T37: Id34 | U37: =VLOOKUP(T37,$B$3:$R$2338,2,FALSE) -> Courtney | V37: =VLOOKUP(T37,$B$3:$R$2338,3,FALSE) -> 47.6 | W37: =VLOOKUP(T37,$B$3:$R$2338,4,FALSE) -> Obesity | X37: =VLOOKUP(T37,$B$3:$R$2338,5,FALSE) -> 5.95 | Y37: =VLOOKUP(T37,$B$3:$R$2338,6,0) -> Prediabetes | Z37: =VLOOKUP(T37,$B$3:$R$2338,7,0) -> Yes | AA37: =VLOOKUP(T37,$B$3:$R$2338,8,0) -> No | AB37: =VLOOKUP(T37,$B$3:$R$2338,9,0) -> No | AC37: =VLOOKUP(T37,$B$3:$R$2338,10,0) -> No major surgery | AD37: =VLOOKUP(T37,$B$3:$R$2338,11,0) -> Yes | AE37: =VLOOKUP(T37,$B$3:$R$2338,12,0) -> 28-Sep-1993 | AF37: =VLOOKUP(T37,$B$3:$R$2338,13,0) -> 30 | AG37: =VLOOKUP(T37,$B$3:$R$2338,14,0) -> 1068 | AH37: =VLOOKUP(T37,$B$3:$R$2338,15,0) -> tier - 3 | AI37: =VLOOKUP(T37,B36:R2371,16,0) -> tier - 1 | AJ37: =VLOOKUP(T37,$B$3:$R$2338,17,0) -> R1013
B38: Id35 | C38: Sydney L | D38: 46.2 | E38: =IF(D38<18.5,"Underweight", IF(AND(D38>=18.5,D38<=24.9),"Healthy Weight", IF(AND(D38>=25,D38<=29.9),"Overweight", IF(D38>=30,"Obesity")))) -> Obesity | F38: 6.09 | G38: =IF(F38<5.7,"Normal",IF(AND(F38>=5.7,F38<=6.4),"Prediabetes",IF(F38>=6.5,"Diabetes"))) -> Prediabetes | H38: No | I38: No | J38: Yes | K38: 1 | L38: Yes | M38: 24-Aug-2004 | N38: 19 | O38: 1070 | P38: tier - 3 | Q38: tier - 3 | R38: R1013 | T38: Id35 | U38: =VLOOKUP(T38,$B$3:$R$2338,2,FALSE) -> Sydney L | V38: =VLOOKUP(T38,$B$3:$R$2338,3,FALSE) -> 46.2 | W38: =VLOOKUP(T38,$B$3:$R$2338,4,FALSE) -> Obesity | X38: =VLOOKUP(T38,$B$3:$R$2338,5,FALSE) -> 6.09 | Y38: =VLOOKUP(T38,$B$3:$R$2338,6,0) -> Prediabetes | Z38: =VLOOKUP(T38,$B$3:$R$2338,7,0) -> No | AA38: =VLOOKUP(T38,$B$3:$R$2338,8,0) -> No | AB38: =VLOOKUP(T38,$B$3:$R$2338,9,0) -> Yes | AC38: =VLOOKUP(T38,$B$3:$R$2338,10,0) -> 1 | AD38: =VLOOKUP(T38,$B$3:$R$2338,11,0) -> Yes | AE38: =VLOOKUP(T38,$B$3:$R$2338,12,0) -> 24-Aug-2004 | AF38: =VLOOKUP(T38,$B$3:$R$2338,13,0) -> 19 | AG38: =VLOOKUP(T38,$B$3:$R$2338,14,0) -> 1070 | AH38: =VLOOKUP(T38,$B$3:$R$2338,15,0) -> tier - 3 | AI38: =VLOOKUP(T38,B37:R2372,16,0) -> tier - 3 | AJ38: =VLOOKUP(T38,$B$3:$R$2338,17,0) -> R1013
B39: Id36 | C39: Julien | D39: 32.015 | E39: =IF(D39<18.5,"Underweight", IF(AND(D39>=18.5,D39<=24.9),"Healthy Weight", IF(AND(D39>=25,D39<=29.9),"Overweight", IF(D39>=30,"Obesity")))) -> Obesity | F39: 11.75 | G39: =IF(F39<5.7,"Normal",IF(AND(F39>=5.7,F39<=6.4),"Prediabetes",IF(F39>=6.5,"Diabetes"))) -> Diabetes | H39: No | I39: No | J39: No | K39: No major surgery | L39: Yes | M39: 13-Aug-1997 | N39: 26 | O39: 1071 | P39: tier - 3 | Q39: tier - 3 | R39: R1013 | T39: Id36 | U39: =VLOOKUP(T39,$B$3:$R$2338,2,FALSE) -> Julien | V39: =VLOOKUP(T39,$B$3:$R$2338,3,FALSE) -> 32.015 | W39: =VLOOKUP(T39,$B$3:$R$2338,4,FALSE) -> Obesity | X39: =VLOOKUP(T39,$B$3:$R$2338,5,FALSE) -> 11.75 | Y39: =VLOOKUP(T39,$B$3:$R$2338,6,0) -> Diabetes | Z39: =VLOOKUP(T39,$B$3:$R$2338,7,0) -> No | AA39: =VLOOKUP(T39,$B$3:$R$2338,8,0) -> No | AB39: =VLOOKUP(T39,$B$3:$R$2338,9,0) -> No | AC39: =VLOOKUP(T39,$B$3:$R$2338,10,0) -> No major surgery | AD39: =VLOOKUP(T39,$B$3:$R$2338,11,0) -> Yes | AE39: =VLOOKUP(T39,$B$3:$R$2338,12,0) -> 13-Aug-1997 | AF39: =VLOOKUP(T39,$B$3:$R$2338,13,0) -> 26 | AG39: =VLOOKUP(T39,$B$3:$R$2338,14,0) -> 1071 | AH39: =VLOOKUP(T39,$B$3:$R$2338,15,0) -> tier - 3 | AI39: =VLOOKUP(T39,B38:R2373,16,0) -> tier - 3 | AJ39: =VLOOKUP(T39,$B$3:$R$2338,17,0) -> R1013
B40: Id37 | C40: Ryan M | D40: 40.565 | E40: =IF(D40<18.5,"Underweight", IF(AND(D40>=18.5,D40<=24.9),"Healthy Weight", IF(AND(D40>=25,D40<=29.9),"Overweight", IF(D40>=30,"Obesity")))) -> Obesity | F40: 7.37 | G40: =IF(F40<5.7,"Normal",IF(AND(F40>=5.7,F40<=6.4),"Prediabetes",IF(F40>=6.5,"Diabetes"))) -> Diabetes | H40: No | I40: No | J40: No | K40: No major surgery | L40: Yes | M40: 26-Dec-1998 | N40: 25 | O40: 1082 | P40: tier - 3 | Q40: tier - 2 | R40: R1013 | T40: Id37 | U40: =VLOOKUP(T40,$B$3:$R$2338,2,FALSE) -> Ryan M | V40: =VLOOKUP(T40,$B$3:$R$2338,3,FALSE) -> 40.565 | W40: =VLOOKUP(T40,$B$3:$R$2338,4,FALSE) -> Obesity | X40: =VLOOKUP(T40,$B$3:$R$2338,5,FALSE) -> 7.37 | Y40: =VLOOKUP(T40,$B$3:$R$2338,6,0) -> Diabetes | Z40: =VLOOKUP(T40,$B$3:$R$2338,7,0) -> No | AA40: =VLOOKUP(T40,$B$3:$R$2338,8,0) -> No | AB40: =VLOOKUP(T40,$B$3:$R$2338,9,0) -> No | AC40: =VLOOKUP(T40,$B$3:$R$2338,10,0) -> No major surgery | AD40: =VLOOKUP(T40,$B$3:$R$2338,11,0) -> Yes | AE40: =VLOOKUP(T40,$B$3:$R$2338,12,0) -> 26-Dec-1998 | AF40: =VLOOKUP(T40,$B$3:$R$2338,13,0) -> 25 | AG40: =VLOOKUP(T40,$B$3:$R$2338,14,0) -> 1082 | AH40: =VLOOKUP(T40,$B$3:$R$2338,15,0) -> tier - 3 | AI40: =VLOOKUP(T40,B39:R2374,16,0) -> tier - 2 | AJ40: =VLOOKUP(T40,$B$3:$R$2338,17,0) -> R1013
B41: Id38 | C41: Anna H | D41: 32.45 | E41: =IF(D41<18.5,"Underweight", IF(AND(D41>=18.5,D41<=24.9),"Healthy Weight", IF(AND(D41>=25,D41<=29.9),"Overweight", IF(D41>=30,"Obesity")))) -> Obesity | F41: 11.91 | G41: =IF(F41<5.7,"Normal",IF(AND(F41>=5.7,F41<=6.4),"Prediabetes",IF(F41>=6.5,"Diabetes"))) -> Diabetes | H41: No | I41: No | J41: No | K41: No major surgery | L41: Yes | M41: 13-Aug-2002 | N41: 21 | O41: 1086 | P41: tier - 3 | Q41: tier - 3 | R41: R1013 | T41: Id38 | U41: =VLOOKUP(T41,$B$3:$R$2338,2,FALSE) -> Anna H | V41: =VLOOKUP(T41,$B$3:$R$2338,3,FALSE) -> 32.45 | W41: =VLOOKUP(T41,$B$3:$R$2338,4,FALSE) -> Obesity | X41: =VLOOKUP(T41,$B$3:$R$2338,5,FALSE) -> 11.91 | Y41: =VLOOKUP(T41,$B$3:$R$2338,6,0) -> Diabetes | Z41: =VLOOKUP(T41,$B$3:$R$2338,7,0) -> No | AA41: =VLOOKUP(T41,$B$3:$R$2338,8,0) -> No | AB41: =VLOOKUP(T41,$B$3:$R$2338,9,0) -> No | AC41: =VLOOKUP(T41,$B$3:$R$2338,10,0) -> No major surgery | AD41: =VLOOKUP(T41,$B$3:$R$2338,11,0) -> Yes | AE41: =VLOOKUP(T41,$B$3:$R$2338,12,0) -> 13-Aug-2002 | AF41: =VLOOKUP(T41,$B$3:$R$2338,13,0) -> 21 | AG41: =VLOOKUP(T41,$B$3:$R$2338,14,0) -> 1086 | AH41: =VLOOKUP(T41,$B$3:$R$2338,15,0) -> tier - 3 | AI41: =VLOOKUP(T41,B40:R2375,16,0) -> tier - 3 | AJ41: =VLOOKUP(T41,$B$3:$R$2338,17,0) -> R1013
B42: Id39 | C42: Samantha | D42: 34.96 | E42: =IF(D42<18.5,"Underweight", IF(AND(D42>=18.5,D42<=24.9),"Healthy Weight", IF(AND(D42>=25,D42<=29.9),"Overweight", IF(D42>=30,"Obesity")))) -> Obesity | F42: 6.52 | G42: =IF(F42<5.7,"Normal",IF(AND(F42>=5.7,F42<=6.4),"Prediabetes",IF(F42>=6.5,"Diabetes"))) -> Diabetes | H42: No | I42: No | J42: No | K42: No major surgery | L42: Yes | M42: 12-Nov-2004 | N42: 19 | O42: 1121.87 | P42: tier - 3 | Q42: tier - 1 | R42: R1013 | T42: Id39 | U42: =VLOOKUP(T42,$B$3:$R$2338,2,FALSE) -> Samantha | V42: =VLOOKUP(T42,$B$3:$R$2338,3,FALSE) -> 34.96 | W42: =VLOOKUP(T42,$B$3:$R$2338,4,FALSE) -> Obesity | X42: =VLOOKUP(T42,$B$3:$R$2338,5,FALSE) -> 6.52 | Y42: =VLOOKUP(T42,$B$3:$R$2338,6,0) -> Diabetes | Z42: =VLOOKUP(T42,$B$3:$R$2338,7,0) -> No | AA42: =VLOOKUP(T42,$B$3:$R$2338,8,0) -> No | AB42: =VLOOKUP(T42,$B$3:$R$2338,9,0) -> No | AC42: =VLOOKUP(T42,$B$3:$R$2338,10,0) -> No major surgery | AD42: =VLOOKUP(T42,$B$3:$R$2338,11,0) -> Yes | AE42: =VLOOKUP(T42,$B$3:$R$2338,12,0) -> 12-Nov-2004 | AF42: =VLOOKUP(T42,$B$3:$R$2338,13,0) -> 19 | AG42: =VLOOKUP(T42,$B$3:$R$2338,14,0) -> 1121.87 | AH42: =VLOOKUP(T42,$B$3:$R$2338,15,0) -> tier - 3 | AI42: =VLOOKUP(T42,B41:R2376,16,0) -> tier - 1 | AJ42: =VLOOKUP(T42,$B$3:$R$2338,17,0) -> R1013
B43: Id40 | C43: Robert | D43: 35.5 | E43: =IF(D43<18.5,"Underweight", IF(AND(D43>=18.5,D43<=24.9),"Healthy Weight", IF(AND(D43>=25,D43<=29.9),"Overweight", IF(D43>=30,"Obesity")))) -> Obesity | F43: 5.14 | G43: =IF(F43<5.7,"Normal",IF(AND(F43>=5.7,F43<=6.4),"Prediabetes",IF(F43>=6.5,"Diabetes"))) -> Normal | H43: No | I43: No | J43: Yes | K43: 1 | L43: Yes | M43: 14-Jun-2004 | N43: 19 | O43: 1131.51 | P43: tier - 3 | Q43: tier - 1 | R43: R1013 | T43: Id40 | U43: =VLOOKUP(T43,$B$3:$R$2338,2,FALSE) -> Robert | V43: =VLOOKUP(T43,$B$3:$R$2338,3,FALSE) -> 35.5 | W43: =VLOOKUP(T43,$B$3:$R$2338,4,FALSE) -> Obesity | X43: =VLOOKUP(T43,$B$3:$R$2338,5,FALSE) -> 5.14 | Y43: =VLOOKUP(T43,$B$3:$R$2338,6,0) -> Normal | Z43: =VLOOKUP(T43,$B$3:$R$2338,7,0) -> No | AA43: =VLOOKUP(T43,$B$3:$R$2338,8,0) -> No | AB43: =VLOOKUP(T43,$B$3:$R$2338,9,0) -> Yes | AC43: =VLOOKUP(T43,$B$3:$R$2338,10,0) -> 1 | AD43: =VLOOKUP(T43,$B$3:$R$2338,11,0) -> Yes | AE43: =VLOOKUP(T43,$B$3:$R$2338,12,0) -> 14-Jun-2004 | AF43: =VLOOKUP(T43,$B$3:$R$2338,13,0) -> 19 | AG43: =VLOOKUP(T43,$B$3:$R$2338,14,0) -> 1131.51 | AH43: =VLOOKUP(T43,$B$3:$R$2338,15,0) -> tier - 3 | AI43: =VLOOKUP(T43,B42:R2377,16,0) -> tier - 1 | AJ43: =VLOOKUP(T43,$B$3:$R$2338,17,0) -> R1013
B44: Id41 | C44: James R | D44: 52.58 | E44: =IF(D44<18.5,"Underweight", IF(AND(D44>=18.5,D44<=24.9),"Healthy Weight", IF(AND(D44>=25,D44<=29.9),"Overweight", IF(D44>=30,"Obesity")))) -> Obesity | F44: 4.19 | G44: =IF(F44<5.7,"Normal",IF(AND(F44>=5.7,F44<=6.4),"Prediabetes",IF(F44>=6.5,"Diabetes"))) -> Normal | H44: No | I44: Yes | J44: No | K44: 1 | L44: Yes | M44: 19-Jul-2002 | N44: 21 | O44: 1132 | P44: tier - 3 | Q44: tier - 1 | R44: R1013 | T44: Id41 | U44: =VLOOKUP(T44,$B$3:$R$2338,2,FALSE) -> James R | V44: =VLOOKUP(T44,$B$3:$R$2338,3,FALSE) -> 52.58 | W44: =VLOOKUP(T44,$B$3:$R$2338,4,FALSE) -> Obesity | X44: =VLOOKUP(T44,$B$3:$R$2338,5,FALSE) -> 4.19 | Y44: =VLOOKUP(T44,$B$3:$R$2338,6,0) -> Normal | Z44: =VLOOKUP(T44,$B$3:$R$2338,7,0) -> No | AA44: =VLOOKUP(T44,$B$3:$R$2338,8,0) -> Yes | AB44: =VLOOKUP(T44,$B$3:$R$2338,9,0) -> No | AC44: =VLOOKUP(T44,$B$3:$R$2338,10,0) -> 1 | AD44: =VLOOKUP(T44,$B$3:$R$2338,11,0) -> Yes | AE44: =VLOOKUP(T44,$B$3:$R$2338,12,0) -> 19-Jul-2002 | AF44: =VLOOKUP(T44,$B$3:$R$2338,13,0) -> 21 | AG44: =VLOOKUP(T44,$B$3:$R$2338,14,0) -> 1132 | AH44: =VLOOKUP(T44,$B$3:$R$2338,15,0) -> tier - 3 | AI44: =VLOOKUP(T44,B43:R2378,16,0) -> tier - 1 | AJ44: =VLOOKUP(T44,$B$3:$R$2338,17,0) -> R1013
B45: Id42 | C45: Roseann | D45: 35.2 | E45: =IF(D45<18.5,"Underweight", IF(AND(D45>=18.5,D45<=24.9),"Healthy Weight", IF(AND(D45>=25,D45<=29.9),"Overweight", IF(D45>=30,"Obesity")))) -> Obesity | F45: 11.68 | G45: =IF(F45<5.7,"Normal",IF(AND(F45>=5.7,F45<=6.4),"Prediabetes",IF(F45>=6.5,"Diabetes"))) -> Diabetes | H45: Yes | I45: No | J45: No | K45: No major surgery | L45: Yes | M45: 6-Oct-2004 | N45: 19 | O45: 1135 | P45: tier - 3 | Q45: tier - 3 | R45: R1013 | T45: Id42 | U45: =VLOOKUP(T45,$B$3:$R$2338,2,FALSE) -> Roseann | V45: =VLOOKUP(T45,$B$3:$R$2338,3,FALSE) -> 35.2 | W45: =VLOOKUP(T45,$B$3:$R$2338,4,FALSE) -> Obesity | X45: =VLOOKUP(T45,$B$3:$R$2338,5,FALSE) -> 11.68 | Y45: =VLOOKUP(T45,$B$3:$R$2338,6,0) -> Diabetes | Z45: =VLOOKUP(T45,$B$3:$R$2338,7,0) -> Yes | AA45: =VLOOKUP(T45,$B$3:$R$2338,8,0) -> No | AB45: =VLOOKUP(T45,$B$3:$R$2338,9,0) -> No | AC45: =VLOOKUP(T45,$B$3:$R$2338,10,0) -> No major surgery | AD45: =VLOOKUP(T45,$B$3:$R$2338,11,0) -> Yes | AE45: =VLOOKUP(T45,$B$3:$R$2338,12,0) -> 6-Oct-2004 | AF45: =VLOOKUP(T45,$B$3:$R$2338,13,0) -> 19 | AG45: =VLOOKUP(T45,$B$3:$R$2338,14,0) -> 1135 | AH45: =VLOOKUP(T45,$B$3:$R$2338,15,0) -> tier - 3 | AI45: =VLOOKUP(T45,B44:R2379,16,0) -> tier - 3 | AJ45: =VLOOKUP(T45,$B$3:$R$2338,17,0) -> R1013
B46: Id43 | C46: Nicole | D46: 38.06 | E46: =IF(D46<18.5,"Underweight", IF(AND(D46>=18.5,D46<=24.9),"Healthy Weight", IF(AND(D46>=25,D46<=29.9),"Overweight", IF(D46>=30,"Obesity")))) -> Obesity | F46: 6.98 | G46: =IF(F46<5.7,"Normal",IF(AND(F46>=5.7,F46<=6.4),"Prediabetes",IF(F46>=6.5,"Diabetes"))) -> Diabetes | H46: No | I46: No | J46: No | K46: No major surgery | L46: Yes | M46: 11-Jun-2004 | N46: 19 | O46: 1135.94 | P46: tier - 3 | Q46: tier - 3 | R46: R1013 | T46: Id43 | U46: =VLOOKUP(T46,$B$3:$R$2338,2,FALSE) -> Nicole | V46: =VLOOKUP(T46,$B$3:$R$2338,3,FALSE) -> 38.06 | W46: =VLOOKUP(T46,$B$3:$R$2338,4,FALSE) -> Obesity | X46: =VLOOKUP(T46,$B$3:$R$2338,5,FALSE) -> 6.98 | Y46: =VLOOKUP(T46,$B$3:$R$2338,6,0) -> Diabetes | Z46: =VLOOKUP(T46,$B$3:$R$2338,7,0) -> No | AA46: =VLOOKUP(T46,$B$3:$R$2338,8,0) -> No | AB46: =VLOOKUP(T46,$B$3:$R$2338,9,0) -> No | AC46: =VLOOKUP(T46,$B$3:$R$2338,10,0) -> No major surgery | AD46: =VLOOKUP(T46,$B$3:$R$2338,11,0) -> Yes | AE46: =VLOOKUP(T46,$B$3:$R$2338,12,0) -> 11-Jun-2004 | AF46: =VLOOKUP(T46,$B$3:$R$2338,13,0) -> 19 | AG46: =VLOOKUP(T46,$B$3:$R$2338,14,0) -> 1135.94 | AH46: =VLOOKUP(T46,$B$3:$R$2338,15,0) -> tier - 3 | AI46: =VLOOKUP(T46,B45:R2380,16,0) -> tier - 3 | AJ46: =VLOOKUP(T46,$B$3:$R$2338,17,0) -> R1013
B47: Id44 | C47: Spencer | D47: 34.21 | E47: =IF(D47<18.5,"Underweight", IF(AND(D47>=18.5,D47<=24.9),"Healthy Weight", IF(AND(D47>=25,D47<=29.9),"Overweight", IF(D47>=30,"Obesity")))) -> Obesity | F47: 8.34 | G47: =IF(F47<5.7,"Normal",IF(AND(F47>=5.7,F47<=6.4),"Prediabetes",IF(F47>=6.5,"Diabetes"))) -> Diabetes | H47: No | I47: No | J47: No | K47: No major surgery | L47: Yes | M47: 28-Nov-2004 | N47: 19 | O47: 1136.4 | P47: tier - 3 | Q47: tier - 3 | R47: R1013 | T47: Id44 | U47: =VLOOKUP(T47,$B$3:$R$2338,2,FALSE) -> Spencer | V47: =VLOOKUP(T47,$B$3:$R$2338,3,FALSE) -> 34.21 | W47: =VLOOKUP(T47,$B$3:$R$2338,4,FALSE) -> Obesity | X47: =VLOOKUP(T47,$B$3:$R$2338,5,FALSE) -> 8.34 | Y47: =VLOOKUP(T47,$B$3:$R$2338,6,0) -> Diabetes | Z47: =VLOOKUP(T47,$B$3:$R$2338,7,0) -> No | AA47: =VLOOKUP(T47,$B$3:$R$2338,8,0) -> No | AB47: =VLOOKUP(T47,$B$3:$R$2338,9,0) -> No | AC47: =VLOOKUP(T47,$B$3:$R$2338,10,0) -> No major surgery | AD47: =VLOOKUP(T47,$B$3:$R$2338,11,0) -> Yes | AE47: =VLOOKUP(T47,$B$3:$R$2338,12,0) -> 28-Nov-2004 | AF47: =VLOOKUP(T47,$B$3:$R$2338,13,0) -> 19 | AG47: =VLOOKUP(T47,$B$3:$R$2338,14,0) -> 1136.4 | AH47: =VLOOKUP(T47,$B$3:$R$2338,15,0) -> tier - 3 | AI47: =VLOOKUP(T47,B46:R2381,16,0) -> tier - 3 | AJ47: =VLOOKUP(T47,$B$3:$R$2338,17,0) -> R1013
B48: Id45 | C48: Eric W | D48: 38.94 | E48: =IF(D48<18.5,"Underweight", IF(AND(D48>=18.5,D48<=24.9),"Healthy Weight", IF(AND(D48>=25,D48<=29.9),"Overweight", IF(D48>=30,"Obesity")))) -> Obesity | F48: 8.49 | G48: =IF(F48<5.7,"Normal",IF(AND(F48>=5.7,F48<=6.4),"Prediabetes",IF(F48>=6.5,"Diabetes"))) -> Diabetes | H48: Yes | I48: No | J48: No | K48: 1 | L48: Yes | M48: 11-Aug-2002 | N48: 21 | O48: 1137 | P48: tier - 3 | Q48: tier - 1 | R48: R1013 | T48: Id45 | U48: =VLOOKUP(T48,$B$3:$R$2338,2,FALSE) -> Eric W | V48: =VLOOKUP(T48,$B$3:$R$2338,3,FALSE) -> 38.94 | W48: =VLOOKUP(T48,$B$3:$R$2338,4,FALSE) -> Obesity | X48: =VLOOKUP(T48,$B$3:$R$2338,5,FALSE) -> 8.49 | Y48: =VLOOKUP(T48,$B$3:$R$2338,6,0) -> Diabetes | Z48: =VLOOKUP(T48,$B$3:$R$2338,7,0) -> Yes | AA48: =VLOOKUP(T48,$B$3:$R$2338,8,0) -> No | AB48: =VLOOKUP(T48,$B$3:$R$2338,9,0) -> No | AC48: =VLOOKUP(T48,$B$3:$R$2338,10,0) -> 1 | AD48: =VLOOKUP(T48,$B$3:$R$2338,11,0) -> Yes | AE48: =VLOOKUP(T48,$B$3:$R$2338,12,0) -> 11-Aug-2002 | AF48: =VLOOKUP(T48,$B$3:$R$2338,13,0) -> 21 | AG48: =VLOOKUP(T48,$B$3:$R$2338,14,0) -> 1137 | AH48: =VLOOKUP(T48,$B$3:$R$2338,15,0) -> tier - 3 | AI48: =VLOOKUP(T48,B47:R2382,16,0) -> tier - 1 | AJ48: =VLOOKUP(T48,$B$3:$R$2338,17,0) -> R1013
B49: Id46 | C49: Brianna L | D49: 30.21 | E49: =IF(D49<18.5,"Underweight", IF(AND(D49>=18.5,D49<=24.9),"Healthy Weight", IF(AND(D49>=25,D49<=29.9),"Overweight", IF(D49>=30,"Obesity")))) -> Obesity | F49: 5.34 | G49: =IF(F49<5.7,"Normal",IF(AND(F49>=5.7,F49<=6.4),"Prediabetes",IF(F49>=6.5,"Diabetes"))) -> Normal | H49: Yes | I49: No | J49: No | K49: 1 | L49: Yes | M49: 6-Nov-2004 | N49: 19 | O49: 1137.01 | P49: tier - 3 | Q49: tier - 1 | R49: R1013 | T49: Id46 | U49: =VLOOKUP(T49,$B$3:$R$2338,2,FALSE) -> Brianna L | V49: =VLOOKUP(T49,$B$3:$R$2338,3,FALSE) -> 30.21 | W49: =VLOOKUP(T49,$B$3:$R$2338,4,FALSE) -> Obesity | X49: =VLOOKUP(T49,$B$3:$R$2338,5,FALSE) -> 5.34 | Y49: =VLOOKUP(T49,$B$3:$R$2338,6,0) -> Normal | Z49: =VLOOKUP(T49,$B$3:$R$2338,7,0) -> Yes | AA49: =VLOOKUP(T49,$B$3:$R$2338,8,0) -> No | AB49: =VLOOKUP(T49,$B$3:$R$2338,9,0) -> No | AC49: =VLOOKUP(T49,$B$3:$R$2338,10,0) -> 1 | AD49: =VLOOKUP(T49,$B$3:$R$2338,11,0) -> Yes | AE49: =VLOOKUP(T49,$B$3:$R$2338,12,0) -> 6-Nov-2004 | AF49: =VLOOKUP(T49,$B$3:$R$2338,13,0) -> 19 | AG49: =VLOOKUP(T49,$B$3:$R$2338,14,0) -> 1137.01 | AH49: =VLOOKUP(T49,$B$3:$R$2338,15,0) -> tier - 3 | AI49: =VLOOKUP(T49,B48:R2383,16,0) -> tier - 1 | AJ49: =VLOOKUP(T49,$B$3:$R$2338,17,0) -> R1013
B50: Id47 | C50: Thomas J | D50: 33.63 | E50: =IF(D50<18.5,"Underweight", IF(AND(D50>=18.5,D50<=24.9),"Healthy Weight", IF(AND(D50>=25,D50<=29.9),"Overweight", IF(D50>=30,"Obesity")))) -> Obesity | F50: 4.43 | G50: =IF(F50<5.7,"Normal",IF(AND(F50>=5.7,F50<=6.4),"Prediabetes",IF(F50>=6.5,"Diabetes"))) -> Normal | H50: Yes | I50: No | J50: No | K50: 2 | L50: Yes | M50: 15-Oct-2004 | N50: 19 | O50: 1137.01 | P50: tier - 3 | Q50: tier - 1 | R50: R1013 | T50: Id47 | U50: =VLOOKUP(T50,$B$3:$R$2338,2,FALSE) -> Thomas J | V50: =VLOOKUP(T50,$B$3:$R$2338,3,FALSE) -> 33.63 | W50: =VLOOKUP(T50,$B$3:$R$2338,4,FALSE) -> Obesity | X50: =VLOOKUP(T50,$B$3:$R$2338,5,FALSE) -> 4.43 | Y50: =VLOOKUP(T50,$B$3:$R$2338,6,0) -> Normal | Z50: =VLOOKUP(T50,$B$3:$R$2338,7,0) -> Yes | AA50: =VLOOKUP(T50,$B$3:$R$2338,8,0) -> No | AB50: =VLOOKUP(T50,$B$3:$R$2338,9,0) -> No | AC50: =VLOOKUP(T50,$B$3:$R$2338,10,0) -> 2 | AD50: =VLOOKUP(T50,$B$3:$R$2338,11,0) -> Yes | AE50: =VLOOKUP(T50,$B$3:$R$2338,12,0) -> 15-Oct-2004 | AF50: =VLOOKUP(T50,$B$3:$R$2338,13,0) -> 19 | AG50: =VLOOKUP(T50,$B$3:$R$2338,14,0) -> 1137.01 | AH50: =VLOOKUP(T50,$B$3:$R$2338,15,0) -> tier - 3 | AI50: =VLOOKUP(T50,B49:R2384,16,0) -> tier - 1 | AJ50: =VLOOKUP(T50,$B$3:$R$2338,17,0) -> R1013
B51: Id48 | C51: Melissa L | D51: 40.37 | E51: =IF(D51<18.5,"Underweight", IF(AND(D51>=18.5,D51<=24.9),"Healthy Weight", IF(AND(D51>=25,D51<=29.9),"Overweight", IF(D51>=30,"Obesity")))) -> Obesity | F51: 4.47 | G51: =IF(F51<5.7,"Normal",IF(AND(F51>=5.7,F51<=6.4),"Prediabetes",IF(F51>=6.5,"Diabetes"))) -> Normal | H51: No | I51: No | J51: No | K51: No major surgery | L51: Yes | M51: 27-Nov-2004 | N51: 19 | O51: 1137.47 | P51: tier - 3 | Q51: tier - 2 | R51: R1013 | T51: Id48 | U51: =VLOOKUP(T51,$B$3:$R$2338,2,FALSE) -> Melissa L | V51: =VLOOKUP(T51,$B$3:$R$2338,3,FALSE) -> 40.37 | W51: =VLOOKUP(T51,$B$3:$R$2338,4,FALSE) -> Obesity | X51: =VLOOKUP(T51,$B$3:$R$2338,5,FALSE) -> 4.47 | Y51: =VLOOKUP(T51,$B$3:$R$2338,6,0) -> Normal | Z51: =VLOOKUP(T51,$B$3:$R$2338,7,0) -> No | AA51: =VLOOKUP(T51,$B$3:$R$2338,8,0) -> No | AB51: =VLOOKUP(T51,$B$3:$R$2338,9,0) -> No | AC51: =VLOOKUP(T51,$B$3:$R$2338,10,0) -> No major surgery | AD51: =VLOOKUP(T51,$B$3:$R$2338,11,0) -> Yes | AE51: =VLOOKUP(T51,$B$3:$R$2338,12,0) -> 27-Nov-2004 | AF51: =VLOOKUP(T51,$B$3:$R$2338,13,0) -> 19 | AG51: =VLOOKUP(T51,$B$3:$R$2338,14,0) -> 1137.47 | AH51: =VLOOKUP(T51,$B$3:$R$2338,15,0) -> tier - 3 | AI51: =VLOOKUP(T51,B50:R2385,16,0) -> tier - 2 | AJ51: =VLOOKUP(T51,$B$3:$R$2338,17,0) -> R1013
B52: Id49 | C52: Flavio | D52: 53.09 | E52: =IF(D52<18.5,"Underweight", IF(AND(D52>=18.5,D52<=24.9),"Healthy Weight", IF(AND(D52>=25,D52<=29.9),"Overweight", IF(D52>=30,"Obesity")))) -> Obesity | F52: 4.82 | G52: =IF(F52<5.7,"Normal",IF(AND(F52>=5.7,F52<=6.4),"Prediabetes",IF(F52>=6.5,"Diabetes"))) -> Normal | H52: Yes | I52: No | J52: No | K52: 2 | L52: Yes | M52: 25-Oct-2001 | N52: 22 | O52: 1141 | P52: tier - 3 | Q52: tier - 1 | R52: R1013 | T52: Id49 | U52: =VLOOKUP(T52,$B$3:$R$2338,2,FALSE) -> Flavio | V52: =VLOOKUP(T52,$B$3:$R$2338,3,FALSE) -> 53.09 | W52: =VLOOKUP(T52,$B$3:$R$2338,4,FALSE) -> Obesity | X52: =VLOOKUP(T52,$B$3:$R$2338,5,FALSE) -> 4.82 | Y52: =VLOOKUP(T52,$B$3:$R$2338,6,0) -> Normal | Z52: =VLOOKUP(T52,$B$3:$R$2338,7,0) -> Yes | AA52: =VLOOKUP(T52,$B$3:$R$2338,8,0) -> No | AB52: =VLOOKUP(T52,$B$3:$R$2338,9,0) -> No | AC52: =VLOOKUP(T52,$B$3:$R$2338,10,0) -> 2 | AD52: =VLOOKUP(T52,$B$3:$R$2338,11,0) -> Yes | AE52: =VLOOKUP(T52,$B$3:$R$2338,12,0) -> 25-Oct-2001 | AF52: =VLOOKUP(T52,$B$3:$R$2338,13,0) -> 22 | AG52: =VLOOKUP(T52,$B$3:$R$2338,14,0) -> 1141 | AH52: =VLOOKUP(T52,$B$3:$R$2338,15,0) -> tier - 3 | AI52: =VLOOKUP(T52,B51:R2386,16,0) -> tier - 1 | AJ52: =VLOOKUP(T52,$B$3:$R$2338,17,0) -> R1013
B53: Id50 | C53: Ryan | D53: 31.79 | E53: =IF(D53<18.5,"Underweight", IF(AND(D53>=18.5,D53<=24.9),"Healthy Weight", IF(AND(D53>=25,D53<=29.9),"Overweight", IF(D53>=30,"Obesity")))) -> Obesity | F53: 5.51 | G53: =IF(F53<5.7,"Normal",IF(AND(F53>=5.7,F53<=6.4),"Prediabetes",IF(F53>=6.5,"Diabetes"))) -> Normal | H53: Yes | I53: No | J53: No | K53: 2 | L53: Yes | M53: 12-Sep-2004 | N53: 19 | O53: 1141.45 | P53: tier - 3 | Q53: tier - 3 | R53: R1013 | T53: Id50 | U53: =VLOOKUP(T53,$B$3:$R$2338,2,FALSE) -> Ryan | V53: =VLOOKUP(T53,$B$3:$R$2338,3,FALSE) -> 31.79 | W53: =VLOOKUP(T53,$B$3:$R$2338,4,FALSE) -> Obesity | X53: =VLOOKUP(T53,$B$3:$R$2338,5,FALSE) -> 5.51 | Y53: =VLOOKUP(T53,$B$3:$R$2338,6,0) -> Normal | Z53: =VLOOKUP(T53,$B$3:$R$2338,7,0) -> Yes | AA53: =VLOOKUP(T53,$B$3:$R$2338,8,0) -> No | AB53: =VLOOKUP(T53,$B$3:$R$2338,9,0) -> No | AC53: =VLOOKUP(T53,$B$3:$R$2338,10,0) -> 2 | AD53: =VLOOKUP(T53,$B$3:$R$2338,11,0) -> Yes | AE53: =VLOOKUP(T53,$B$3:$R$2338,12,0) -> 12-Sep-2004 | AF53: =VLOOKUP(T53,$B$3:$R$2338,13,0) -> 19 | AG53: =VLOOKUP(T53,$B$3:$R$2338,14,0) -> 1141.45 | AH53: =VLOOKUP(T53,$B$3:$R$2338,15,0) -> tier - 3 | AI53: =VLOOKUP(T53,B52:R2387,16,0) -> tier - 3 | AJ53: =VLOOKUP(T53,$B$3:$R$2338,17,0) -> R1013
B54: Id51 | C54: Anthony J | D54: 41.895 | E54: =IF(D54<18.5,"Underweight", IF(AND(D54>=18.5,D54<=24.9),"Healthy Weight", IF(AND(D54>=25,D54<=29.9),"Overweight", IF(D54>=30,"Obesity")))) -> Obesity | F54: 10.87 | G54: =IF(F54<5.7,"Normal",IF(AND(F54>=5.7,F54<=6.4),"Prediabetes",IF(F54>=6.5,"Diabetes"))) -> Diabetes | H54: Yes | I54: No | J54: No | K54: 1 | L54: Yes | M54: 1-Oct-2002 | N54: 21 | O54: 1142 | P54: tier - 3 | Q54: tier - 2 | R54: R1011 | T54: Id51 | U54: =VLOOKUP(T54,$B$3:$R$2338,2,FALSE) -> Anthony J | V54: =VLOOKUP(T54,$B$3:$R$2338,3,FALSE) -> 41.895 | W54: =VLOOKUP(T54,$B$3:$R$2338,4,FALSE) -> Obesity | X54: =VLOOKUP(T54,$B$3:$R$2338,5,FALSE) -> 10.87 | Y54: =VLOOKUP(T54,$B$3:$R$2338,6,0) -> Diabetes | Z54: =VLOOKUP(T54,$B$3:$R$2338,7,0) -> Yes | AA54: =VLOOKUP(T54,$B$3:$R$2338,8,0) -> No | AB54: =VLOOKUP(T54,$B$3:$R$2338,9,0) -> No | AC54: =VLOOKUP(T54,$B$3:$R$2338,10,0) -> 1 | AD54: =VLOOKUP(T54,$B$3:$R$2338,11,0) -> Yes | AE54: =VLOOKUP(T54,$B$3:$R$2338,12,0) -> 1-Oct-2002 | AF54: =VLOOKUP(T54,$B$3:$R$2338,13,0) -> 21 | AG54: =VLOOKUP(T54,$B$3:$R$2338,14,0) -> 1142 | AH54: =VLOOKUP(T54,$B$3:$R$2338,15,0) -> tier - 3 | AI54: =VLOOKUP(T54,B53:R2388,16,0) -> tier - 2 | AJ54: =VLOOKUP(T54,$B$3:$R$2338,17,0) -> R1011
B55: Id52 | C55: Alex | D55: 31.16 | E55: =IF(D55<18.5,"Underweight", IF(AND(D55>=18.5,D55<=24.9),"Healthy Weight", IF(AND(D55>=25,D55<=29.9),"Overweight", IF(D55>=30,"Obesity")))) -> Obesity | F55: 9.34 | G55: =IF(F55<5.7,"Normal",IF(AND(F55>=5.7,F55<=6.4),"Prediabetes",IF(F55>=6.5,"Diabetes"))) -> Diabetes | H55: No | I55: No | J55: No | K55: No major surgery | L55: Yes | M55: 10-Jun-2004 | N55: 19 | O55: 1146.8 | P55: tier - 2 | Q55: tier - 2 | R55: R1013 | T55: Id52 | U55: =VLOOKUP(T55,$B$3:$R$2338,2,FALSE) -> Alex | V55: =VLOOKUP(T55,$B$3:$R$2338,3,FALSE) -> 31.16 | W55: =VLOOKUP(T55,$B$3:$R$2338,4,FALSE) -> Obesity | X55: =VLOOKUP(T55,$B$3:$R$2338,5,FALSE) -> 9.34 | Y55: =VLOOKUP(T55,$B$3:$R$2338,6,0) -> Diabetes | Z55: =VLOOKUP(T55,$B$3:$R$2338,7,0) -> No | AA55: =VLOOKUP(T55,$B$3:$R$2338,8,0) -> No | AB55: =VLOOKUP(T55,$B$3:$R$2338,9,0) -> No | AC55: =VLOOKUP(T55,$B$3:$R$2338,10,0) -> No major surgery | AD55: =VLOOKUP(T55,$B$3:$R$2338,11,0) -> Yes | AE55: =VLOOKUP(T55,$B$3:$R$2338,12,0) -> 10-Jun-2004 | AF55: =VLOOKUP(T55,$B$3:$R$2338,13,0) -> 19 | AG55: =VLOOKUP(T55,$B$3:$R$2338,14,0) -> 1146.8 | AH55: =VLOOKUP(T55,$B$3:$R$2338,15,0) -> tier - 2 | AI55: =VLOOKUP(T55,B54:R2389,16,0) -> tier - 2 | AJ55: =VLOOKUP(T55,$B$3:$R$2338,17,0) -> R1013
B56: Id53 | C56: David | D56: 34.105 | E56: =IF(D56<18.5,"Underweight", IF(AND(D56>=18.5,D56<=24.9),"Healthy Weight", IF(AND(D56>=25,D56<=29.9),"Overweight", IF(D56>=30,"Obesity")))) -> Obesity | F56: 5.03 | G56: =IF(F56<5.7,"Normal",IF(AND(F56>=5.7,F56<=6.4),"Prediabetes",IF(F56>=6.5,"Diabetes"))) -> Normal | H56: Yes | I56: No | J56: Yes | K56: 1 | L56: Yes | M56: 12-Jun-2003 | N56: 20 | O56: 1149 | P56: tier - 2 | Q56: tier - 1 | R56: R1012 | T56: Id53 | U56: =VLOOKUP(T56,$B$3:$R$2338,2,FALSE) -> David | V56: =VLOOKUP(T56,$B$3:$R$2338,3,FALSE) -> 34.105 | W56: =VLOOKUP(T56,$B$3:$R$2338,4,FALSE) -> Obesity | X56: =VLOOKUP(T56,$B$3:$R$2338,5,FALSE) -> 5.03 | Y56: =VLOOKUP(T56,$B$3:$R$2338,6,0) -> Normal | Z56: =VLOOKUP(T56,$B$3:$R$2338,7,0) -> Yes | AA56: =VLOOKUP(T56,$B$3:$R$2338,8,0) -> No | AB56: =VLOOKUP(T56,$B$3:$R$2338,9,0) -> Yes | AC56: =VLOOKUP(T56,$B$3:$R$2338,10,0) -> 1 | AD56: =VLOOKUP(T56,$B$3:$R$2338,11,0) -> Yes | AE56: =VLOOKUP(T56,$B$3:$R$2338,12,0) -> 12-Jun-2003 | AF56: =VLOOKUP(T56,$B$3:$R$2338,13,0) -> 20 | AG56: =VLOOKUP(T56,$B$3:$R$2338,14,0) -> 1149 | AH56: =VLOOKUP(T56,$B$3:$R$2338,15,0) -> tier - 2 | AI56: =VLOOKUP(T56,B55:R2390,16,0) -> tier - 1 | AJ56: =VLOOKUP(T56,$B$3:$R$2338,17,0) -> R1012
B57: Id54 | C57: Andrew B | D57: 51.93 | E57: =IF(D57<18.5,"Underweight", IF(AND(D57>=18.5,D57<=24.9),"Healthy Weight", IF(AND(D57>=25,D57<=29.9),"Overweight", IF(D57>=30,"Obesity")))) -> Obesity | F57: 11.05 | G57: =IF(F57<5.7,"Normal",IF(AND(F57>=5.7,F57<=6.4),"Prediabetes",IF(F57>=6.5,"Diabetes"))) -> Diabetes | H57: No | I57: No | J57: No | K57: No major surgery | L57: Yes | M57: 18-Jul-2004 | N57: 19 | O57: 1149.4 | P57: tier - 2 | Q57: tier - 2 | R57: R1013 | T57: Id54 | U57: =VLOOKUP(T57,$B$3:$R$2338,2,FALSE) -> Andrew B | V57: =VLOOKUP(T57,$B$3:$R$2338,3,FALSE) -> 51.93 | W57: =VLOOKUP(T57,$B$3:$R$2338,4,FALSE) -> Obesity | X57: =VLOOKUP(T57,$B$3:$R$2338,5,FALSE) -> 11.05 | Y57: =VLOOKUP(T57,$B$3:$R$2338,6,0) -> Diabetes | Z57: =VLOOKUP(T57,$B$3:$R$2338,7,0) -> No | AA57: =VLOOKUP(T57,$B$3:$R$2338,8,0) -> No | AB57: =VLOOKUP(T57,$B$3:$R$2338,9,0) -> No | AC57: =VLOOKUP(T57,$B$3:$R$2338,10,0) -> No major surgery | AD57: =VLOOKUP(T57,$B$3:$R$2338,11,0) -> Yes | AE57: =VLOOKUP(T57,$B$3:$R$2338,12,0) -> 18-Jul-2004 | AF57: =VLOOKUP(T57,$B$3:$R$2338,13,0) -> 19 | AG57: =VLOOKUP(T57,$B$3:$R$2338,14,0) -> 1149.4 | AH57: =VLOOKUP(T57,$B$3:$R$2338,15,0) -> tier - 2 | AI57: =VLOOKUP(T57,B56:R2391,16,0) -> tier - 2 | AJ57: =VLOOKUP(T57,$B$3:$R$2338,17,0) -> R1013
B58: Id55 | C58: Dara E | D58: 38.95 | E58: =IF(D58<18.5,"Underweight", IF(AND(D58>=18.5,D58<=24.9),"Healthy Weight", IF(AND(D58>=25,D58<=29.9),"Overweight", IF(D58>=30,"Obesity")))) -> Obesity | F58: 11.95 | G58: =IF(F58<5.7,"Normal",IF(AND(F58>=5.7,F58<=6.4),"Prediabetes",IF(F58>=6.5,"Diabetes"))) -> Diabetes | H58: No | I58: No | J58: No | K58: No major surgery | L58: Yes | M58: 26-Jul-1994 | N58: 29 | O58: 1158.32 | P58: tier - 2 | Q58: tier - 1 | R58: R1013 | T58: Id55 | U58: =VLOOKUP(T58,$B$3:$R$2338,2,FALSE) -> Dara E | V58: =VLOOKUP(T58,$B$3:$R$2338,3,FALSE) -> 38.95 | W58: =VLOOKUP(T58,$B$3:$R$2338,4,FALSE) -> Obesity | X58: =VLOOKUP(T58,$B$3:$R$2338,5,FALSE) -> 11.95 | Y58: =VLOOKUP(T58,$B$3:$R$2338,6,0) -> Diabetes | Z58: =VLOOKUP(T58,$B$3:$R$2338,7,0) -> No | AA58: =VLOOKUP(T58,$B$3:$R$2338,8,0) -> No | AB58: =VLOOKUP(T58,$B$3:$R$2338,9,0) -> No | AC58: =VLOOKUP(T58,$B$3:$R$2338,10,0) -> No major surgery | AD58: =VLOOKUP(T58,$B$3:$R$2338,11,0) -> Yes | AE58: =VLOOKUP(T58,$B$3:$R$2338,12,0) -> 26-Jul-1994 | AF58: =VLOOKUP(T58,$B$3:$R$2338,13,0) -> 29 | AG58: =VLOOKUP(T58,$B$3:$R$2338,14,0) -> 1158.32 | AH58: =VLOOKUP(T58,$B$3:$R$2338,15,0) -> tier - 2 | AI58: =VLOOKUP(T58,B57:R2392,16,0) -> tier - 1 | AJ58: =VLOOKUP(T58,$B$3:$R$2338,17,0) -> R1013
B59: Id56 | C59: Inna | D59: 36.63 | E59: =IF(D59<18.5,"Underweight", IF(AND(D59>=18.5,D59<=24.9),"Healthy Weight", IF(AND(D59>=25,D59<=29.9),"Overweight", IF(D59>=30,"Obesity")))) -> Obesity | F59: 7.72 | G59: =IF(F59<5.7,"Normal",IF(AND(F59>=5.7,F59<=6.4),"Prediabetes",IF(F59>=6.5,"Diabetes"))) -> Diabetes | H59: Yes | I59: No | J59: No | K59: 1 | L59: Yes | M59: 11-Nov-2004 | N59: 19 | O59: 1163.46 | P59: tier - 2 | Q59: tier - 3 | R59: R1013 | T59: Id56 | U59: =VLOOKUP(T59,$B$3:$R$2338,2,FALSE) -> Inna | V59: =VLOOKUP(T59,$B$3:$R$2338,3,FALSE) -> 36.63 | W59: =VLOOKUP(T59,$B$3:$R$2338,4,FALSE) -> Obesity | X59: =VLOOKUP(T59,$B$3:$R$2338,5,FALSE) -> 7.72 | Y59: =VLOOKUP(T59,$B$3:$R$2338,6,0) -> Diabetes | Z59: =VLOOKUP(T59,$B$3:$R$2338,7,0) -> Yes | AA59: =VLOOKUP(T59,$B$3:$R$2338,8,0) -> No | AB59: =VLOOKUP(T59,$B$3:$R$2338,9,0) -> No | AC59: =VLOOKUP(T59,$B$3:$R$2338,10,0) -> 1 | AD59: =VLOOKUP(T59,$B$3:$R$2338,11,0) -> Yes | AE59: =VLOOKUP(T59,$B$3:$R$2338,12,0) -> 11-Nov-2004 | AF59: =VLOOKUP(T59,$B$3:$R$2338,13,0) -> 19 | AG59: =VLOOKUP(T59,$B$3:$R$2338,14,0) -> 1163.46 | AH59: =VLOOKUP(T59,$B$3:$R$2338,15,0) -> tier - 2 | AI59: =VLOOKUP(T59,B58:R2393,16,0) -> tier - 3 | AJ59: =VLOOKUP(T59,$B$3:$R$2338,17,0) -> R1013
B60: Id57 | C60: Ari | D60: 34.2 | E60: =IF(D60<18.5,"Underweight", IF(AND(D60>=18.5,D60<=24.9),"Healthy Weight", IF(AND(D60>=25,D60<=29.9),"Overweight", IF(D60>=30,"Obesity")))) -> Obesity | F60: 5.75 | G60: =IF(F60<5.7,"Normal",IF(AND(F60>=5.7,F60<=6.4),"Prediabetes",IF(F60>=6.5,"Diabetes"))) -> Prediabetes | H60: No | I60: No | J60: No | K60: 2 | L60: Yes | M60: 11-Jun-2002 | N60: 21 | O60: 1165 | P60: tier - 2 | Q60: tier - 3 | R60: R1012 | T60: Id57 | U60: =VLOOKUP(T60,$B$3:$R$2338,2,FALSE) -> Ari | V60: =VLOOKUP(T60,$B$3:$R$2338,3,FALSE) -> 34.2 | W60: =VLOOKUP(T60,$B$3:$R$2338,4,FALSE) -> Obesity | X60: =VLOOKUP(T60,$B$3:$R$2338,5,FALSE) -> 5.75 | Y60: =VLOOKUP(T60,$B$3:$R$2338,6,0) -> Prediabetes | Z60: =VLOOKUP(T60,$B$3:$R$2338,7,0) -> No | AA60: =VLOOKUP(T60,$B$3:$R$2338,8,0) -> No | AB60: =VLOOKUP(T60,$B$3:$R$2338,9,0) -> No | AC60: =VLOOKUP(T60,$B$3:$R$2338,10,0) -> 2 | AD60: =VLOOKUP(T60,$B$3:$R$2338,11,0) -> Yes | AE60: =VLOOKUP(T60,$B$3:$R$2338,12,0) -> 11-Jun-2002 | AF60: =VLOOKUP(T60,$B$3:$R$2338,13,0) -> 21 | AG60: =VLOOKUP(T60,$B$3:$R$2338,14,0) -> 1165 | AH60: =VLOOKUP(T60,$B$3:$R$2338,15,0) -> tier - 2 | AI60: =VLOOKUP(T60,B59:R2394,16,0) -> tier - 3 | AJ60: =VLOOKUP(T60,$B$3:$R$2338,17,0) -> R1012
B61: Id58 | C61: Lindsey | D61: 50.63 | E61: =IF(D61<18.5,"Underweight", IF(AND(D61>=18.5,D61<=24.9),"Healthy Weight", IF(AND(D61>=25,D61<=29.9),"Overweight", IF(D61>=30,"Obesity")))) -> Obesity | F61: 11.89 | G61: =IF(F61<5.7,"Normal",IF(AND(F61>=5.7,F61<=6.4),"Prediabetes",IF(F61>=6.5,"Diabetes"))) -> Diabetes | H61: No | I61: No | J61: No | K61: No major surgery | L61: Yes | M61: 12-Nov-2001 | N61: 22 | O61: 1167 | P61: tier - 2 | Q61: tier - 1 | R61: R1013 | T61: Id58 | U61: =VLOOKUP(T61,$B$3:$R$2338,2,FALSE) -> Lindsey | V61: =VLOOKUP(T61,$B$3:$R$2338,3,FALSE) -> 50.63 | W61: =VLOOKUP(T61,$B$3:$R$2338,4,FALSE) -> Obesity | X61: =VLOOKUP(T61,$B$3:$R$2338,5,FALSE) -> 11.89 | Y61: =VLOOKUP(T61,$B$3:$R$2338,6,0) -> Diabetes | Z61: =VLOOKUP(T61,$B$3:$R$2338,7,0) -> No | AA61: =VLOOKUP(T61,$B$3:$R$2338,8,0) -> No | AB61: =VLOOKUP(T61,$B$3:$R$2338,9,0) -> No | AC61: =VLOOKUP(T61,$B$3:$R$2338,10,0) -> No major surgery | AD61: =VLOOKUP(T61,$B$3:$R$2338,11,0) -> Yes | AE61: =VLOOKUP(T61,$B$3:$R$2338,12,0) -> 12-Nov-2001 | AF61: =VLOOKUP(T61,$B$3:$R$2338,13,0) -> 22 | AG61: =VLOOKUP(T61,$B$3:$R$2338,14,0) -> 1167 | AH61: =VLOOKUP(T61,$B$3:$R$2338,15,0) -> tier - 2 | AI61: =VLOOKUP(T61,B60:R2395,16,0) -> tier - 1 | AJ61: =VLOOKUP(T61,$B$3:$R$2338,17,0) -> R1013
B62: Id59 | C62: Kenny | D62: 36.48 | E62: =IF(D62<18.5,"Underweight", IF(AND(D62>=18.5,D62<=24.9),"Healthy Weight", IF(AND(D62>=25,D62<=29.9),"Overweight", IF(D62>=30,"Obesity")))) -> Obesity | F62: 6.2 | G62: =IF(F62<5.7,"Normal",IF(AND(F62>=5.7,F62<=6.4),"Prediabetes",IF(F62>=6.5,"Diabetes"))) -> Prediabetes | H62: No | I62: No | J62: No | K62: No major surgery | L62: Yes | M62: 11-Aug-1996 | N62: 27 | O62: 1178 | P62: tier - 2 | Q62: tier - 3 | R62: R1013 | T62: Id59 | U62: =VLOOKUP(T62,$B$3:$R$2338,2,FALSE) -> Kenny | V62: =VLOOKUP(T62,$B$3:$R$2338,3,FALSE) -> 36.48 | W62: =VLOOKUP(T62,$B$3:$R$2338,4,FALSE) -> Obesity | X62: =VLOOKUP(T62,$B$3:$R$2338,5,FALSE) -> 6.2 | Y62: =VLOOKUP(T62,$B$3:$R$2338,6,0) -> Prediabetes | Z62: =VLOOKUP(T62,$B$3:$R$2338,7,0) -> No | AA62: =VLOOKUP(T62,$B$3:$R$2338,8,0) -> No | AB62: =VLOOKUP(T62,$B$3:$R$2338,9,0) -> No | AC62: =VLOOKUP(T62,$B$3:$R$2338,10,0) -> No major surgery | AD62: =VLOOKUP(T62,$B$3:$R$2338,11,0) -> Yes | AE62: =VLOOKUP(T62,$B$3:$R$2338,12,0) -> 11-Aug-1996 | AF62: =VLOOKUP(T62,$B$3:$R$2338,13,0) -> 27 | AG62: =VLOOKUP(T62,$B$3:$R$2338,14,0) -> 1178 | AH62: =VLOOKUP(T62,$B$3:$R$2338,15,0) -> tier - 2 | AI62: =VLOOKUP(T62,B61:R2396,16,0) -> tier - 3 | AJ62: =VLOOKUP(T62,$B$3:$R$2338,17,0) -> R1013
B63: Id60 | C63: Louise | D63: 54.82 | E63: =IF(D63<18.5,"Underweight", IF(AND(D63>=18.5,D63<=24.9),"Healthy Weight", IF(AND(D63>=25,D63<=29.9),"Overweight", IF(D63>=30,"Obesity")))) -> Obesity | F63: 10.61 | G63: =IF(F63<5.7,"Normal",IF(AND(F63>=5.7,F63<=6.4),"Prediabetes",IF(F63>=6.5,"Diabetes"))) -> Diabetes | H63: No | I63: No | J63: No | K63: No major surgery | L63: Yes | M63: 28-Jun-1997 | N63: 26 | O63: 1178.07 | P63: tier - 2 | Q63: tier - 2 | R63: R1013 | T63: Id60 | U63: =VLOOKUP(T63,$B$3:$R$2338,2,FALSE) -> Louise | V63: =VLOOKUP(T63,$B$3:$R$2338,3,FALSE) -> 54.82 | W63: =VLOOKUP(T63,$B$3:$R$2338,4,FALSE) -> Obesity | X63: =VLOOKUP(T63,$B$3:$R$2338,5,FALSE) -> 10.61 | Y63: =VLOOKUP(T63,$B$3:$R$2338,6,0) -> Diabetes | Z63: =VLOOKUP(T63,$B$3:$R$2338,7,0) -> No | AA63: =VLOOKUP(T63,$B$3:$R$2338,8,0) -> No | AB63: =VLOOKUP(T63,$B$3:$R$2338,9,0) -> No | AC63: =VLOOKUP(T63,$B$3:$R$2338,10,0) -> No major surgery | AD63: =VLOOKUP(T63,$B$3:$R$2338,11,0) -> Yes | AE63: =VLOOKUP(T63,$B$3:$R$2338,12,0) -> 28-Jun-1997 | AF63: =VLOOKUP(T63,$B$3:$R$2338,13,0) -> 26 | AG63: =VLOOKUP(T63,$B$3:$R$2338,14,0) -> 1178.07 | AH63: =VLOOKUP(T63,$B$3:$R$2338,15,0) -> tier - 2 | AI63: =VLOOKUP(T63,B62:R2397,16,0) -> tier - 2 | AJ63: =VLOOKUP(T63,$B$3:$R$2338,17,0) -> R1013
B64: Id61 | C64: Cameron | D64: 38.06 | E64: =IF(D64<18.5,"Underweight", IF(AND(D64>=18.5,D64<=24.9),"Healthy Weight", IF(AND(D64>=25,D64<=29.9),"Overweight", IF(D64>=30,"Obesity")))) -> Obesity | F64: 6.04 | G64: =IF(F64<5.7,"Normal",IF(AND(F64>=5.7,F64<=6.4),"Prediabetes",IF(F64>=6.5,"Diabetes"))) -> Prediabetes | H64: No | I64: No | J64: Yes | K64: 1 | L64: Yes | M64: 26-Aug-2002 | N64: 21 | O64: 1191 | P64: tier - 2 | Q64: tier - 1 | R64: R1013 | T64: Id61 | U64: =VLOOKUP(T64,$B$3:$R$2338,2,FALSE) -> Cameron | V64: =VLOOKUP(T64,$B$3:$R$2338,3,FALSE) -> 38.06 | W64: =VLOOKUP(T64,$B$3:$R$2338,4,FALSE) -> Obesity | X64: =VLOOKUP(T64,$B$3:$R$2338,5,FALSE) -> 6.04 | Y64: =VLOOKUP(T64,$B$3:$R$2338,6,0) -> Prediabetes | Z64: =VLOOKUP(T64,$B$3:$R$2338,7,0) -> No | AA64: =VLOOKUP(T64,$B$3:$R$2338,8,0) -> No | AB64: =VLOOKUP(T64,$B$3:$R$2338,9,0) -> Yes | AC64: =VLOOKUP(T64,$B$3:$R$2338,10,0) -> 1 | AD64: =VLOOKUP(T64,$B$3:$R$2338,11,0) -> Yes | AE64: =VLOOKUP(T64,$B$3:$R$2338,12,0) -> 26-Aug-2002 | AF64: =VLOOKUP(T64,$B$3:$R$2338,13,0) -> 21 | AG64: =VLOOKUP(T64,$B$3:$R$2338,14,0) -> 1191 | AH64: =VLOOKUP(T64,$B$3:$R$2338,15,0) -> tier - 2 | AI64: =VLOOKUP(T64,B63:R2398,16,0) -> tier - 1 | AJ64: =VLOOKUP(T64,$B$3:$R$2338,17,0) -> R1013
B65: Id62 | C65: Katie T | D65: 51.48 | E65: =IF(D65<18.5,"Underweight", IF(AND(D65>=18.5,D65<=24.9),"Healthy Weight", IF(AND(D65>=25,D65<=29.9),"Overweight", IF(D65>=30,"Obesity")))) -> Obesity | F65: 9.33 | G65: =IF(F65<5.7,"Normal",IF(AND(F65>=5.7,F65<=6.4),"Prediabetes",IF(F65>=6.5,"Diabetes"))) -> Diabetes | H65: Yes | I65: No | J65: No | K65: No major surgery | L65: Yes | M65: 28-Jun-1999 | N65: 24 | O65: 1200 | P65: tier - 2 | Q65: tier - 3 | R65: R1012 | T65: Id62 | U65: =VLOOKUP(T65,$B$3:$R$2338,2,FALSE) -> Katie T | V65: =VLOOKUP(T65,$B$3:$R$2338,3,FALSE) -> 51.48 | W65: =VLOOKUP(T65,$B$3:$R$2338,4,FALSE) -> Obesity | X65: =VLOOKUP(T65,$B$3:$R$2338,5,FALSE) -> 9.33 | Y65: =VLOOKUP(T65,$B$3:$R$2338,6,0) -> Diabetes | Z65: =VLOOKUP(T65,$B$3:$R$2338,7,0) -> Yes | AA65: =VLOOKUP(T65,$B$3:$R$2338,8,0) -> No | AB65: =VLOOKUP(T65,$B$3:$R$2338,9,0) -> No | AC65: =VLOOKUP(T65,$B$3:$R$2338,10,0) -> No major surgery | AD65: =VLOOKUP(T65,$B$3:$R$2338,11,0) -> Yes | AE65: =VLOOKUP(T65,$B$3:$R$2338,12,0) -> 28-Jun-1999 | AF65: =VLOOKUP(T65,$B$3:$R$2338,13,0) -> 24 | AG65: =VLOOKUP(T65,$B$3:$R$2338,14,0) -> 1200 | AH65: =VLOOKUP(T65,$B$3:$R$2338,15,0) -> tier - 2 | AI65: =VLOOKUP(T65,B64:R2399,16,0) -> tier - 3 | AJ65: =VLOOKUP(T65,$B$3:$R$2338,17,0) -> R1012
B66: Id63 | C66: Casey | D66: 52.06 | E66: =IF(D66<18.5,"Underweight", IF(AND(D66>=18.5,D66<=24.9),"Healthy Weight", IF(AND(D66>=25,D66<=29.9),"Overweight", IF(D66>=30,"Obesity")))) -> Obesity | F66: 11.47 | G66: =IF(F66<5.7,"Normal",IF(AND(F66>=5.7,F66<=6.4),"Prediabetes",IF(F66>=6.5,"Diabetes"))) -> Diabetes | H66: No | I66: No | J66: No | K66: No major surgery | L66: Yes | M66: 6-Oct-1992 | N66: 31 | O66: 1200.55 | P66: tier - 2 | Q66: tier - 3 | R66: R1013 | T66: Id63 | U66: =VLOOKUP(T66,$B$3:$R$2338,2,FALSE) -> Casey | V66: =VLOOKUP(T66,$B$3:$R$2338,3,FALSE) -> 52.06 | W66: =VLOOKUP(T66,$B$3:$R$2338,4,FALSE) -> Obesity | X66: =VLOOKUP(T66,$B$3:$R$2338,5,FALSE) -> 11.47 | Y66: =VLOOKUP(T66,$B$3:$R$2338,6,0) -> Diabetes | Z66: =VLOOKUP(T66,$B$3:$R$2338,7,0) -> No | AA66: =VLOOKUP(T66,$B$3:$R$2338,8,0) -> No | AB66: =VLOOKUP(T66,$B$3:$R$2338,9,0) -> No | AC66: =VLOOKUP(T66,$B$3:$R$2338,10,0) -> No major surgery | AD66: =VLOOKUP(T66,$B$3:$R$2338,11,0) -> Yes | AE66: =VLOOKUP(T66,$B$3:$R$2338,12,0) -> 6-Oct-1992 | AF66: =VLOOKUP(T66,$B$3:$R$2338,13,0) -> 31 | AG66: =VLOOKUP(T66,$B$3:$R$2338,14,0) -> 1200.55 | AH66: =VLOOKUP(T66,$B$3:$R$2338,15,0) -> tier - 2 | AI66: =VLOOKUP(T66,B65:R2400,16,0) -> tier - 3 | AJ66: =VLOOKUP(T66,$B$3:$R$2338,17,0) -> R1013
B67: Id64 | C67: David | D67: 30.685 | E67: =IF(D67<18.5,"Underweight", IF(AND(D67>=18.5,D67<=24.9),"Healthy Weight", IF(AND(D67>=25,D67<=29.9),"Overweight", IF(D67>=30,"Obesity")))) -> Obesity | F67: 7.02 | G67: =IF(F67<5.7,"Normal",IF(AND(F67>=5.7,F67<=6.4),"Prediabetes",IF(F67>=6.5,"Diabetes"))) -> Diabetes | H67: Yes | I67: No | J67: No | K67: No major surgery | L67: Yes | M67: 2-Jun-2004 | N67: 19 | O67: 1210 | P67: tier - 2 | Q67: tier - 1 | R67: R1013 | T67: Id64 | U67: =VLOOKUP(T67,$B$3:$R$2338,2,FALSE) -> David | V67: =VLOOKUP(T67,$B$3:$R$2338,3,FALSE) -> 30.685 | W67: =VLOOKUP(T67,$B$3:$R$2338,4,FALSE) -> Obesity | X67: =VLOOKUP(T67,$B$3:$R$2338,5,FALSE) -> 7.02 | Y67: =VLOOKUP(T67,$B$3:$R$2338,6,0) -> Diabetes | Z67: =VLOOKUP(T67,$B$3:$R$2338,7,0) -> Yes | AA67: =VLOOKUP(T67,$B$3:$R$2338,8,0) -> No | AB67: =VLOOKUP(T67,$B$3:$R$2338,9,0) -> No | AC67: =VLOOKUP(T67,$B$3:$R$2338,10,0) -> No major surgery | AD67: =VLOOKUP(T67,$B$3:$R$2338,11,0) -> Yes | AE67: =VLOOKUP(T67,$B$3:$R$2338,12,0) -> 2-Jun-2004 | AF67: =VLOOKUP(T67,$B$3:$R$2338,13,0) -> 19 | AG67: =VLOOKUP(T67,$B$3:$R$2338,14,0) -> 1210 | AH67: =VLOOKUP(T67,$B$3:$R$2338,15,0) -> tier - 2 | AI67: =VLOOKUP(T67,B66:R2401,16,0) -> tier - 1 | AJ67: =VLOOKUP(T67,$B$3:$R$2338,17,0) -> R1013
B68: Id65 | C68: Bryson C | D68: 36.08 | E68: =IF(D68<18.5,"Underweight", IF(AND(D68>=18.5,D68<=24.9),"Healthy Weight", IF(AND(D68>=25,D68<=29.9),"Overweight", IF(D68>=30,"Obesity")))) -> Obesity | F68: 8.8 | G68: =IF(F68<5.7,"Normal",IF(AND(F68>=5.7,F68<=6.4),"Prediabetes",IF(F68>=6.5,"Diabetes"))) -> Diabetes | H68: Yes | I68: No | J68: No | K68: 1 | L68: Yes | M68: 4-Nov-1996 | N68: 27 | O68: 1220 | P68: tier - 2 | Q68: tier - 3 | R68: R1012 | T68: Id65 | U68: =VLOOKUP(T68,$B$3:$R$2338,2,FALSE) -> Bryson C | V68: =VLOOKUP(T68,$B$3:$R$2338,3,FALSE) -> 36.08 | W68: =VLOOKUP(T68,$B$3:$R$2338,4,FALSE) -> Obesity | X68: =VLOOKUP(T68,$B$3:$R$2338,5,FALSE) -> 8.8 | Y68: =VLOOKUP(T68,$B$3:$R$2338,6,0) -> Diabetes | Z68: =VLOOKUP(T68,$B$3:$R$2338,7,0) -> Yes | AA68: =VLOOKUP(T68,$B$3:$R$2338,8,0) -> No | AB68: =VLOOKUP(T68,$B$3:$R$2338,9,0) -> No | AC68: =VLOOKUP(T68,$B$3:$R$2338,10,0) -> 1 | AD68: =VLOOKUP(T68,$B$3:$R$2338,11,0) -> Yes | AE68: =VLOOKUP(T68,$B$3:$R$2338,12,0) -> 4-Nov-1996 | AF68: =VLOOKUP(T68,$B$3:$R$2338,13,0) -> 27 | AG68: =VLOOKUP(T68,$B$3:$R$2338,14,0) -> 1220 | AH68: =VLOOKUP(T68,$B$3:$R$2338,15,0) -> tier - 2 | AI68: =VLOOKUP(T68,B67:R2402,16,0) -> tier - 3 | AJ68: =VLOOKUP(T68,$B$3:$R$2338,17,0) -> R1012
B69: Id66 | C69: Megan | D69: 54.99 | E69: =IF(D69<18.5,"Underweight", IF(AND(D69>=18.5,D69<=24.9),"Healthy Weight", IF(AND(D69>=25,D69<=29.9),"Overweight", IF(D69>=30,"Obesity")))) -> Obesity | F69: 8.68 | G69: =IF(F69<5.7,"Normal",IF(AND(F69>=5.7,F69<=6.4),"Prediabetes",IF(F69>=6.5,"Diabetes"))) -> Diabetes | H69: No | I69: No | J69: No | K69: 2 | L69: Yes | M69: 9-Jul-2004 | N69: 19 | O69: 1224 | P69: tier - 2 | Q69: tier - 1 | R69: R1013 | T69: Id66 | U69: =VLOOKUP(T69,$B$3:$R$2338,2,FALSE) -> Megan | V69: =VLOOKUP(T69,$B$3:$R$2338,3,FALSE) -> 54.99 | W69: =VLOOKUP(T69,$B$3:$R$2338,4,FALSE) -> Obesity | X69: =VLOOKUP(T69,$B$3:$R$2338,5,FALSE) -> 8.68 | Y69: =VLOOKUP(T69,$B$3:$R$2338,6,0) -> Diabetes | Z69: =VLOOKUP(T69,$B$3:$R$2338,7,0) -> No | AA69: =VLOOKUP(T69,$B$3:$R$2338,8,0) -> No | AB69: =VLOOKUP(T69,$B$3:$R$2338,9,0) -> No | AC69: =VLOOKUP(T69,$B$3:$R$2338,10,0) -> 2 | AD69: =VLOOKUP(T69,$B$3:$R$2338,11,0) -> Yes | AE69: =VLOOKUP(T69,$B$3:$R$2338,12,0) -> 9-Jul-2004 | AF69: =VLOOKUP(T69,$B$3:$R$2338,13,0) -> 19 | AG69: =VLOOKUP(T69,$B$3:$R$2338,14,0) -> 1224 | AH69: =VLOOKUP(T69,$B$3:$R$2338,15,0) -> tier - 2 | AI69: =VLOOKUP(T69,B68:R2403,16,0) -> tier - 1 | AJ69: =VLOOKUP(T69,$B$3:$R$2338,17,0) -> R1013
B70: Id67 | C70: Daniel | D70: 35.97 | E70: =IF(D70<18.5,"Underweight", IF(AND(D70>=18.5,D70<=24.9),"Healthy Weight", IF(AND(D70>=25,D70<=29.9),"Overweight", IF(D70>=30,"Obesity")))) -> Obesity | F70: 6.12 | G70: =IF(F70<5.7,"Normal",IF(AND(F70>=5.7,F70<=6.4),"Prediabetes",IF(F70>=6.5,"Diabetes"))) -> Prediabetes | H70: No | I70: No | J70: Yes | K70: 1 | L70: Yes | M70: 16-Oct-2004 | N70: 19 | O70: 1228 | P70: tier - 2 | Q70: tier - 1 | R70: R1012 | T70: Id67 | U70: =VLOOKUP(T70,$B$3:$R$2338,2,FALSE) -> Daniel | V70: =VLOOKUP(T70,$B$3:$R$2338,3,FALSE) -> 35.97 | W70: =VLOOKUP(T70,$B$3:$R$2338,4,FALSE) -> Obesity | X70: =VLOOKUP(T70,$B$3:$R$2338,5,FALSE) -> 6.12 | Y70: =VLOOKUP(T70,$B$3:$R$2338,6,0) -> Prediabetes | Z70: =VLOOKUP(T70,$B$3:$R$2338,7,0) -> No | AA70: =VLOOKUP(T70,$B$3:$R$2338,8,0) -> No | AB70: =VLOOKUP(T70,$B$3:$R$2338,9,0) -> Yes | AC70: =VLOOKUP(T70,$B$3:$R$2338,10,0) -> 1 | AD70: =VLOOKUP(T70,$B$3:$R$2338,11,0) -> Yes | AE70: =VLOOKUP(T70,$B$3:$R$2338,12,0) -> 16-Oct-2004 | AF70: =VLOOKUP(T70,$B$3:$R$2338,13,0) -> 19 | AG70: =VLOOKUP(T70,$B$3:$R$2338,14,0) -> 1228 | AH70: =VLOOKUP(T70,$B$3:$R$2338,15,0) -> tier - 2 | AI70: =VLOOKUP(T70,B69:R2404,16,0) -> tier - 1 | AJ70: =VLOOKUP(T70,$B$3:$R$2338,17,0) -> R1012
B71: Id68 | C71: Steven M | D71: 45.54 | E71: =IF(D71<18.5,"Underweight", IF(AND(D71>=18.5,D71<=24.9),"Healthy Weight", IF(AND(D71>=25,D71<=29.9),"Overweight", IF(D71>=30,"Obesity")))) -> Obesity | F71: 5.4 | G71: =IF(F71<5.7,"Normal",IF(AND(F71>=5.7,F71<=6.4),"Prediabetes",IF(F71>=6.5,"Diabetes"))) -> Normal | H71: Yes | I71: No | J71: Yes | K71: 1 | L71: Yes | M71: 13-Jul-1998 | N71: 25 | O71: 1234 | P71: tier - 2 | Q71: tier - 1 | R71: R1013 | T71: Id68 | U71: =VLOOKUP(T71,$B$3:$R$2338,2,FALSE) -> Steven M | V71: =VLOOKUP(T71,$B$3:$R$2338,3,FALSE) -> 45.54 | W71: =VLOOKUP(T71,$B$3:$R$2338,4,FALSE) -> Obesity | X71: =VLOOKUP(T71,$B$3:$R$2338,5,FALSE) -> 5.4 | Y71: =VLOOKUP(T71,$B$3:$R$2338,6,0) -> Normal | Z71: =VLOOKUP(T71,$B$3:$R$2338,7,0) -> Yes | AA71: =VLOOKUP(T71,$B$3:$R$2338,8,0) -> No | AB71: =VLOOKUP(T71,$B$3:$R$2338,9,0) -> Yes | AC71: =VLOOKUP(T71,$B$3:$R$2338,10,0) -> 1 | AD71: =VLOOKUP(T71,$B$3:$R$2338,11,0) -> Yes | AE71: =VLOOKUP(T71,$B$3:$R$2338,12,0) -> 13-Jul-1998 | AF71: =VLOOKUP(T71,$B$3:$R$2338,13,0) -> 25 | AG71: =VLOOKUP(T71,$B$3:$R$2338,14,0) -> 1234 | AH71: =VLOOKUP(T71,$B$3:$R$2338,15,0) -> tier - 2 | AI71: =VLOOKUP(T71,B70:R2405,16,0) -> tier - 1 | AJ71: =VLOOKUP(T71,$B$3:$R$2338,17,0) -> R1013
B72: Id69 | C72: Jenna L | D72: 35.53 | E72: =IF(D72<18.5,"Underweight", IF(AND(D72>=18.5,D72<=24.9),"Healthy Weight", IF(AND(D72>=25,D72<=29.9),"Overweight", IF(D72>=30,"Obesity")))) -> Obesity | F72: 4.36 | G72: =IF(F72<5.7,"Normal",IF(AND(F72>=5.7,F72<=6.4),"Prediabetes",IF(F72>=6.5,"Diabetes"))) -> Normal | H72: Yes | I72: No | J72: No | K72: No major surgery | L72: Yes | M72: 12-Dec-2002 | N72: 21 | O72: 1237 | P72: tier - 2 | Q72: tier - 2 | R72: R1013 | T72: Id69 | U72: =VLOOKUP(T72,$B$3:$R$2338,2,FALSE) -> Jenna L | V72: =VLOOKUP(T72,$B$3:$R$2338,3,FALSE) -> 35.53 | W72: =VLOOKUP(T72,$B$3:$R$2338,4,FALSE) -> Obesity | X72: =VLOOKUP(T72,$B$3:$R$2338,5,FALSE) -> 4.36 | Y72: =VLOOKUP(T72,$B$3:$R$2338,6,0) -> Normal | Z72: =VLOOKUP(T72,$B$3:$R$2338,7,0) -> Yes | AA72: =VLOOKUP(T72,$B$3:$R$2338,8,0) -> No | AB72: =VLOOKUP(T72,$B$3:$R$2338,9,0) -> No | AC72: =VLOOKUP(T72,$B$3:$R$2338,10,0) -> No major surgery | AD72: =VLOOKUP(T72,$B$3:$R$2338,11,0) -> Yes | AE72: =VLOOKUP(T72,$B$3:$R$2338,12,0) -> 12-Dec-2002 | AF72: =VLOOKUP(T72,$B$3:$R$2338,13,0) -> 21 | AG72: =VLOOKUP(T72,$B$3:$R$2338,14,0) -> 1237 | AH72: =VLOOKUP(T72,$B$3:$R$2338,15,0) -> tier - 2 | AI72: =VLOOKUP(T72,B71:R2406,16,0) -> tier - 2 | AJ72: =VLOOKUP(T72,$B$3:$R$2338,17,0) -> R1013
B73: Id70 | C73: Freeman | D73: 30.8 | E73: =IF(D73<18.5,"Underweight", IF(AND(D73>=18.5,D73<=24.9),"Healthy Weight", IF(AND(D73>=25,D73<=29.9),"Overweight", IF(D73>=30,"Obesity")))) -> Obesity | F73: 9.77 | G73: =IF(F73<5.7,"Normal",IF(AND(F73>=5.7,F73<=6.4),"Prediabetes",IF(F73>=6.5,"Diabetes"))) -> Diabetes | H73: No | I73: No | J73: No | K73: No major surgery | L73: Yes | M73: 11-Oct-1998 | N73: 25 | O73: 1240 | P73: tier - 2 | Q73: tier - 1 | R73: R1012 | T73: Id70 | U73: =VLOOKUP(T73,$B$3:$R$2338,2,FALSE) -> Freeman | V73: =VLOOKUP(T73,$B$3:$R$2338,3,FALSE) -> 30.8 | W73: =VLOOKUP(T73,$B$3:$R$2338,4,FALSE) -> Obesity | X73: =VLOOKUP(T73,$B$3:$R$2338,5,FALSE) -> 9.77 | Y73: =VLOOKUP(T73,$B$3:$R$2338,6,0) -> Diabetes | Z73: =VLOOKUP(T73,$B$3:$R$2338,7,0) -> No | AA73: =VLOOKUP(T73,$B$3:$R$2338,8,0) -> No | AB73: =VLOOKUP(T73,$B$3:$R$2338,9,0) -> No | AC73: =VLOOKUP(T73,$B$3:$R$2338,10,0) -> No major surgery | AD73: =VLOOKUP(T73,$B$3:$R$2338,11,0) -> Yes | AE73: =VLOOKUP(T73,$B$3:$R$2338,12,0) -> 11-Oct-1998 | AF73: =VLOOKUP(T73,$B$3:$R$2338,13,0) -> 25 | AG73: =VLOOKUP(T73,$B$3:$R$2338,14,0) -> 1240 | AH73: =VLOOKUP(T73,$B$3:$R$2338,15,0) -> tier - 2 | AI73: =VLOOKUP(T73,B72:R2407,16,0) -> tier - 1 | AJ73: =VLOOKUP(T73,$B$3:$R$2338,17,0) -> R1012
B74: Id71 | C74: Jeff | D74: 38.39 | E74: =IF(D74<18.5,"Underweight", IF(AND(D74>=18.5,D74<=24.9),"Healthy Weight", IF(AND(D74>=25,D74<=29.9),"Overweight", IF(D74>=30,"Obesity")))) -> Obesity | F74: 4.25 | G74: =IF(F74<5.7,"Normal",IF(AND(F74>=5.7,F74<=6.4),"Prediabetes",IF(F74>=6.5,"Diabetes"))) -> Normal | H74: No | I74: No | J74: No | K74: 1 | L74: Yes | M74: 1-Jul-2002 | N74: 21 | O74: 1241 | P74: tier - 2 | Q74: tier - 2 | R74: R1013 | T74: Id71 | U74: =VLOOKUP(T74,$B$3:$R$2338,2,FALSE) -> Jeff | V74: =VLOOKUP(T74,$B$3:$R$2338,3,FALSE) -> 38.39 | W74: =VLOOKUP(T74,$B$3:$R$2338,4,FALSE) -> Obesity | X74: =VLOOKUP(T74,$B$3:$R$2338,5,FALSE) -> 4.25 | Y74: =VLOOKUP(T74,$B$3:$R$2338,6,0) -> Normal | Z74: =VLOOKUP(T74,$B$3:$R$2338,7,0) -> No | AA74: =VLOOKUP(T74,$B$3:$R$2338,8,0) -> No | AB74: =VLOOKUP(T74,$B$3:$R$2338,9,0) -> No | AC74: =VLOOKUP(T74,$B$3:$R$2338,10,0) -> 1 | AD74: =VLOOKUP(T74,$B$3:$R$2338,11,0) -> Yes | AE74: =VLOOKUP(T74,$B$3:$R$2338,12,0) -> 1-Jul-2002 | AF74: =VLOOKUP(T74,$B$3:$R$2338,13,0) -> 21 | AG74: =VLOOKUP(T74,$B$3:$R$2338,14,0) -> 1241 | AH74: =VLOOKUP(T74,$B$3:$R$2338,15,0) -> tier - 2 | AI74: =VLOOKUP(T74,B73:R2408,16,0) -> tier - 2 | AJ74: =VLOOKUP(T74,$B$3:$R$2338,17,0) -> R1013
B75: Id72 | C75: Elenilton V | D75: 32.3 | E75: =IF(D75<18.5,"Underweight", IF(AND(D75>=18.5,D75<=24.9),"Healthy Weight", IF(AND(D75>=25,D75<=29.9),"Overweight", IF(D75>=30,"Obesity")))) -> Obesity | F75: 4.76 | G75: =IF(F75<5.7,"Normal",IF(AND(F75>=5.7,F75<=6.4),"Prediabetes",IF(F75>=6.5,"Diabetes"))) -> Normal | H75: No | I75: No | J75: No | K75: 2 | L75: Yes | M75: 2-Aug-2003 | N75: 20 | O75: 1241.57 | P75: tier - 2 | Q75: tier - 2 | R75: R1011 | T75: Id72 | U75: =VLOOKUP(T75,$B$3:$R$2338,2,FALSE) -> Elenilton V | V75: =VLOOKUP(T75,$B$3:$R$2338,3,FALSE) -> 32.3 | W75: =VLOOKUP(T75,$B$3:$R$2338,4,FALSE) -> Obesity | X75: =VLOOKUP(T75,$B$3:$R$2338,5,FALSE) -> 4.76 | Y75: =VLOOKUP(T75,$B$3:$R$2338,6,0) -> Normal | Z75: =VLOOKUP(T75,$B$3:$R$2338,7,0) -> No | AA75: =VLOOKUP(T75,$B$3:$R$2338,8,0) -> No | AB75: =VLOOKUP(T75,$B$3:$R$2338,9,0) -> No | AC75: =VLOOKUP(T75,$B$3:$R$2338,10,0) -> 2 | AD75: =VLOOKUP(T75,$B$3:$R$2338,11,0) -> Yes | AE75: =VLOOKUP(T75,$B$3:$R$2338,12,0) -> 2-Aug-2003 | AF75: =VLOOKUP(T75,$B$3:$R$2338,13,0) -> 20 | AG75: =VLOOKUP(T75,$B$3:$R$2338,14,0) -> 1241.57 | AH75: =VLOOKUP(T75,$B$3:$R$2338,15,0) -> tier - 2 | AI75: =VLOOKUP(T75,B74:R2409,16,0) -> tier - 2 | AJ75: =VLOOKUP(T75,$B$3:$R$2338,17,0) -> R1011
B76: Id73 | C76: Maurya | D76: 48.8 | E76: =IF(D76<18.5,"Underweight", IF(AND(D76>=18.5,D76<=24.9),"Healthy Weight", IF(AND(D76>=25,D76<=29.9),"Overweight", IF(D76>=30,"Obesity")))) -> Obesity | F76: 6.22 | G76: =IF(F76<5.7,"Normal",IF(AND(F76>=5.7,F76<=6.4),"Prediabetes",IF(F76>=6.5,"Diabetes"))) -> Prediabetes | H76: Yes | I76: No | J76: No | K76: 2 | L76: Yes | M76: 15-Sep-2003 | N76: 20 | O76: 1242.26 | P76: tier - 2 | Q76: tier - 1 | R76: R1011 | T76: Id73 | U76: =VLOOKUP(T76,$B$3:$R$2338,2,FALSE) -> Maurya | V76: =VLOOKUP(T76,$B$3:$R$2338,3,FALSE) -> 48.8 | W76: =VLOOKUP(T76,$B$3:$R$2338,4,FALSE) -> Obesity | X76: =VLOOKUP(T76,$B$3:$R$2338,5,FALSE) -> 6.22 | Y76: =VLOOKUP(T76,$B$3:$R$2338,6,0) -> Prediabetes | Z76: =VLOOKUP(T76,$B$3:$R$2338,7,0) -> Yes | AA76: =VLOOKUP(T76,$B$3:$R$2338,8,0) -> No | AB76: =VLOOKUP(T76,$B$3:$R$2338,9,0) -> No | AC76: =VLOOKUP(T76,$B$3:$R$2338,10,0) -> 2 | AD76: =VLOOKUP(T76,$B$3:$R$2338,11,0) -> Yes | AE76: =VLOOKUP(T76,$B$3:$R$2338,12,0) -> 15-Sep-2003 | AF76: =VLOOKUP(T76,$B$3:$R$2338,13,0) -> 20 | AG76: =VLOOKUP(T76,$B$3:$R$2338,14,0) -> 1242.26 | AH76: =VLOOKUP(T76,$B$3:$R$2338,15,0) -> tier - 2 | AI76: =VLOOKUP(T76,B75:R2410,16,0) -> tier - 1 | AJ76: =VLOOKUP(T76,$B$3:$R$2338,17,0) -> R1011
B77: Id74 | C77: Samantha C | D77: 45.5 | E77: =IF(D77<18.5,"Underweight", IF(AND(D77>=18.5,D77<=24.9),"Healthy Weight", IF(AND(D77>=25,D77<=29.9),"Overweight", IF(D77>=30,"Obesity")))) -> Obesity | F77: 7.96 | G77: =IF(F77<5.7,"Normal",IF(AND(F77>=5.7,F77<=6.4),"Prediabetes",IF(F77>=6.5,"Diabetes"))) -> Diabetes | H77: No | I77: No | J77: No | K77: No major surgery | L77: Yes | M77: 8-Sep-2003 | N77: 20 | O77: 1242.82 | P77: tier - 2 | Q77: tier - 1 | R77: R1011 | T77: Id74 | U77: =VLOOKUP(T77,$B$3:$R$2338,2,FALSE) -> Samantha C | V77: =VLOOKUP(T77,$B$3:$R$2338,3,FALSE) -> 45.5 | W77: =VLOOKUP(T77,$B$3:$R$2338,4,FALSE) -> Obesity | X77: =VLOOKUP(T77,$B$3:$R$2338,5,FALSE) -> 7.96 | Y77: =VLOOKUP(T77,$B$3:$R$2338,6,0) -> Diabetes | Z77: =VLOOKUP(T77,$B$3:$R$2338,7,0) -> No | AA77: =VLOOKUP(T77,$B$3:$R$2338,8,0) -> No | AB77: =VLOOKUP(T77,$B$3:$R$2338,9,0) -> No | AC77: =VLOOKUP(T77,$B$3:$R$2338,10,0) -> No major surgery | AD77: =VLOOKUP(T77,$B$3:$R$2338,11,0) -> Yes | AE77: =VLOOKUP(T77,$B$3:$R$2338,12,0) -> 8-Sep-2003 | AF77: =VLOOKUP(T77,$B$3:$R$2338,13,0) -> 20 | AG77: =VLOOKUP(T77,$B$3:$R$2338,14,0) -> 1242.82 | AH77: =VLOOKUP(T77,$B$3:$R$2338,15,0) -> tier - 2 | AI77: =VLOOKUP(T77,B76:R2411,16,0) -> tier - 1 | AJ77: =VLOOKUP(T77,$B$3:$R$2338,17,0) -> R1011
B78: Id75 | C78: Bethany A | D78: 53.61 | E78: =IF(D78<18.5,"Underweight", IF(AND(D78>=18.5,D78<=24.9),"Healthy Weight", IF(AND(D78>=25,D78<=29.9),"Overweight", IF(D78>=30,"Obesity")))) -> Obesity | F78: 10.92 | G78: =IF(F78<5.7,"Normal",IF(AND(F78>=5.7,F78<=6.4),"Prediabetes",IF(F78>=6.5,"Diabetes"))) -> Diabetes | H78: Yes | I78: No | J78: No | K78: 1 | L78: Yes | M78: 15-Sep-2003 | N78: 20 | O78: 1252.41 | P78: tier - 2 | Q78: tier - 3 | R78: R1011 | T78: Id75 | U78: =VLOOKUP(T78,$B$3:$R$2338,2,FALSE) -> Bethany A | V78: =VLOOKUP(T78,$B$3:$R$2338,3,FALSE) -> 53.61 | W78: =VLOOKUP(T78,$B$3:$R$2338,4,FALSE) -> Obesity | X78: =VLOOKUP(T78,$B$3:$R$2338,5,FALSE) -> 10.92 | Y78: =VLOOKUP(T78,$B$3:$R$2338,6,0) -> Diabetes | Z78: =VLOOKUP(T78,$B$3:$R$2338,7,0) -> Yes | AA78: =VLOOKUP(T78,$B$3:$R$2338,8,0) -> No | AB78: =VLOOKUP(T78,$B$3:$R$2338,9,0) -> No | AC78: =VLOOKUP(T78,$B$3:$R$2338,10,0) -> 1 | AD78: =VLOOKUP(T78,$B$3:$R$2338,11,0) -> Yes | AE78: =VLOOKUP(T78,$B$3:$R$2338,12,0) -> 15-Sep-2003 | AF78: =VLOOKUP(T78,$B$3:$R$2338,13,0) -> 20 | AG78: =VLOOKUP(T78,$B$3:$R$2338,14,0) -> 1252.41 | AH78: =VLOOKUP(T78,$B$3:$R$2338,15,0) -> tier - 2 | AI78: =VLOOKUP(T78,B77:R2412,16,0) -> tier - 3 | AJ78: =VLOOKUP(T78,$B$3:$R$2338,17,0) -> R1011
B79: Id76 | C79: Yves | D79: 36.19 | E79: =IF(D79<18.5,"Underweight", IF(AND(D79>=18.5,D79<=24.9),"Healthy Weight", IF(AND(D79>=25,D79<=29.9),"Overweight", IF(D79>=30,"Obesity")))) -> Obesity | F79: 11.51 | G79: =IF(F79<5.7,"Normal",IF(AND(F79>=5.7,F79<=6.4),"Prediabetes",IF(F79>=6.5,"Diabetes"))) -> Diabetes | H79: Yes | I79: No | J79: No | K79: 1 | L79: Yes | M79: 4-Nov-1997 | N79: 26 | O79: 1253 | P79: tier - 2 | Q79: tier - 2 | R79: R1013 | T79: Id76 | U79: =VLOOKUP(T79,$B$3:$R$2338,2,FALSE) -> Yves | V79: =VLOOKUP(T79,$B$3:$R$2338,3,FALSE) -> 36.19 | W79: =VLOOKUP(T79,$B$3:$R$2338,4,FALSE) -> Obesity | X79: =VLOOKUP(T79,$B$3:$R$2338,5,FALSE) -> 11.51 | Y79: =VLOOKUP(T79,$B$3:$R$2338,6,0) -> Diabetes | Z79: =VLOOKUP(T79,$B$3:$R$2338,7,0) -> Yes | AA79: =VLOOKUP(T79,$B$3:$R$2338,8,0) -> No | AB79: =VLOOKUP(T79,$B$3:$R$2338,9,0) -> No | AC79: =VLOOKUP(T79,$B$3:$R$2338,10,0) -> 1 | AD79: =VLOOKUP(T79,$B$3:$R$2338,11,0) -> Yes | AE79: =VLOOKUP(T79,$B$3:$R$2338,12,0) -> 4-Nov-1997 | AF79: =VLOOKUP(T79,$B$3:$R$2338,13,0) -> 26 | AG79: =VLOOKUP(T79,$B$3:$R$2338,14,0) -> 1253 | AH79: =VLOOKUP(T79,$B$3:$R$2338,15,0) -> tier - 2 | AI79: =VLOOKUP(T79,B78:R2413,16,0) -> tier - 2 | AJ79: =VLOOKUP(T79,$B$3:$R$2338,17,0) -> R1013
B80: Id77 | C80: Danielle | D80: 34.6 | E80: =IF(D80<18.5,"Underweight", IF(AND(D80>=18.5,D80<=24.9),"Healthy Weight", IF(AND(D80>=25,D80<=29.9),"Overweight", IF(D80>=30,"Obesity")))) -> Obesity | F80: 5.99 | G80: =IF(F80<5.7,"Normal",IF(AND(F80>=5.7,F80<=6.4),"Prediabetes",IF(F80>=6.5,"Diabetes"))) -> Prediabetes | H80: Yes | I80: No | J80: No | K80: No major surgery | L80: Yes | M80: 10-Dec-2003 | N80: 20 | O80: 1253.94 | P80: tier - 2 | Q80: tier - 2 | R80: R1011 | T80: Id77 | U80: =VLOOKUP(T80,$B$3:$R$2338,2,FALSE) -> Danielle | V80: =VLOOKUP(T80,$B$3:$R$2338,3,FALSE) -> 34.6 | W80: =VLOOKUP(T80,$B$3:$R$2338,4,FALSE) -> Obesity | X80: =VLOOKUP(T80,$B$3:$R$2338,5,FALSE) -> 5.99 | Y80: =VLOOKUP(T80,$B$3:$R$2338,6,0) -> Prediabetes | Z80: =VLOOKUP(T80,$B$3:$R$2338,7,0) -> Yes | AA80: =VLOOKUP(T80,$B$3:$R$2338,8,0) -> No | AB80: =VLOOKUP(T80,$B$3:$R$2338,9,0) -> No | AC80: =VLOOKUP(T80,$B$3:$R$2338,10,0) -> No major surgery | AD80: =VLOOKUP(T80,$B$3:$R$2338,11,0) -> Yes | AE80: =VLOOKUP(T80,$B$3:$R$2338,12,0) -> 10-Dec-2003 | AF80: =VLOOKUP(T80,$B$3:$R$2338,13,0) -> 20 | AG80: =VLOOKUP(T80,$B$3:$R$2338,14,0) -> 1253.94 | AH80: =VLOOKUP(T80,$B$3:$R$2338,15,0) -> tier - 2 | AI80: =VLOOKUP(T80,B79:R2414,16,0) -> tier - 2 | AJ80: =VLOOKUP(T80,$B$3:$R$2338,17,0) -> R1011
B81: Id78 | C81: Julia | D81: 54.12 | E81: =IF(D81<18.5,"Underweight", IF(AND(D81>=18.5,D81<=24.9),"Healthy Weight", IF(AND(D81>=25,D81<=29.9),"Overweight", IF(D81>=30,"Obesity")))) -> Obesity | F81: 11.57 | G81: =IF(F81<5.7,"Normal",IF(AND(F81>=5.7,F81<=6.4),"Prediabetes",IF(F81>=6.5,"Diabetes"))) -> Diabetes | H81: No | I81: No | J81: No | K81: No major surgery | L81: Yes | M81: 13-Oct-2003 | N81: 20 | O81: 1256.3 | P81: tier - 2 | Q81: tier - 3 | R81: R1011 | T81: Id78 | U81: =VLOOKUP(T81,$B$3:$R$2338,2,FALSE) -> Julia | V81: =VLOOKUP(T81,$B$3:$R$2338,3,FALSE) -> 54.12 | W81: =VLOOKUP(T81,$B$3:$R$2338,4,FALSE) -> Obesity | X81: =VLOOKUP(T81,$B$3:$R$2338,5,FALSE) -> 11.57 | Y81: =VLOOKUP(T81,$B$3:$R$2338,6,0) -> Diabetes | Z81: =VLOOKUP(T81,$B$3:$R$2338,7,0) -> No | AA81: =VLOOKUP(T81,$B$3:$R$2338,8,0) -> No | AB81: =VLOOKUP(T81,$B$3:$R$2338,9,0) -> No | AC81: =VLOOKUP(T81,$B$3:$R$2338,10,0) -> No major surgery | AD81: =VLOOKUP(T81,$B$3:$R$2338,11,0) -> Yes | AE81: =VLOOKUP(T81,$B$3:$R$2338,12,0) -> 13-Oct-2003 | AF81: =VLOOKUP(T81,$B$3:$R$2338,13,0) -> 20 | AG81: =VLOOKUP(T81,$B$3:$R$2338,14,0) -> 1256.3 | AH81: =VLOOKUP(T81,$B$3:$R$2338,15,0) -> tier - 2 | AI81: =VLOOKUP(T81,B80:R2415,16,0) -> tier - 3 | AJ81: =VLOOKUP(T81,$B$3:$R$2338,17,0) -> R1011
B82: Id79 | C82: Joshua | D82: 48.82 | E82: =IF(D82<18.5,"Underweight", IF(AND(D82>=18.5,D82<=24.9),"Healthy Weight", IF(AND(D82>=25,D82<=29.9),"Overweight", IF(D82>=30,"Obesity")))) -> Obesity | F82: 6.67 | G82: =IF(F82<5.7,"Normal",IF(AND(F82>=5.7,F82<=6.4),"Prediabetes",IF(F82>=6.5,"Diabetes"))) -> Diabetes | H82: Yes | I82: No | J82: No | K82: No major surgery | L82: Yes | M82: 30-Oct-2003 | N82: 20 | O82: 1261.44 | P82: tier - 2 | Q82: tier - 3 | R82: R1011 | T82: Id79 | U82: =VLOOKUP(T82,$B$3:$R$2338,2,FALSE) -> Joshua | V82: =VLOOKUP(T82,$B$3:$R$2338,3,FALSE) -> 48.82 | W82: =VLOOKUP(T82,$B$3:$R$2338,4,FALSE) -> Obesity | X82: =VLOOKUP(T82,$B$3:$R$2338,5,FALSE) -> 6.67 | Y82: =VLOOKUP(T82,$B$3:$R$2338,6,0) -> Diabetes | Z82: =VLOOKUP(T82,$B$3:$R$2338,7,0) -> Yes | AA82: =VLOOKUP(T82,$B$3:$R$2338,8,0) -> No | AB82: =VLOOKUP(T82,$B$3:$R$2338,9,0) -> No | AC82: =VLOOKUP(T82,$B$3:$R$2338,10,0) -> No major surgery | AD82: =VLOOKUP(T82,$B$3:$R$2338,11,0) -> Yes | AE82: =VLOOKUP(T82,$B$3:$R$2338,12,0) -> 30-Oct-2003 | AF82: =VLOOKUP(T82,$B$3:$R$2338,13,0) -> 20 | AG82: =VLOOKUP(T82,$B$3:$R$2338,14,0) -> 1261.44 | AH82: =VLOOKUP(T82,$B$3:$R$2338,15,0) -> tier - 2 | AI82: =VLOOKUP(T82,B81:R2416,16,0) -> tier - 3 | AJ82: =VLOOKUP(T82,$B$3:$R$2338,17,0) -> R1011
B83: Id80 | C83: Jennifer | D83: 51.01 | E83: =IF(D83<18.5,"Underweight", IF(AND(D83>=18.5,D83<=24.9),"Healthy Weight", IF(AND(D83>=25,D83<=29.9),"Overweight", IF(D83>=30,"Obesity")))) -> Obesity | F83: 9.2 | G83: =IF(F83<5.7,"Normal",IF(AND(F83>=5.7,F83<=6.4),"Prediabetes",IF(F83>=6.5,"Diabetes"))) -> Diabetes | H83: No | I83: No | J83: No | K83: No major surgery | L83: Yes | M83: 15-Aug-2003 | N83: 20 | O83: 1261.86 | P83: tier - 2 | Q83: tier - 3 | R83: R1011 | T83: Id80 | U83: =VLOOKUP(T83,$B$3:$R$2338,2,FALSE) -> Jennifer | V83: =VLOOKUP(T83,$B$3:$R$2338,3,FALSE) -> 51.01 | W83: =VLOOKUP(T83,$B$3:$R$2338,4,FALSE) -> Obesity | X83: =VLOOKUP(T83,$B$3:$R$2338,5,FALSE) -> 9.2 | Y83: =VLOOKUP(T83,$B$3:$R$2338,6,0) -> Diabetes | Z83: =VLOOKUP(T83,$B$3:$R$2338,7,0) -> No | AA83: =VLOOKUP(T83,$B$3:$R$2338,8,0) -> No | AB83: =VLOOKUP(T83,$B$3:$R$2338,9,0) -> No | AC83: =VLOOKUP(T83,$B$3:$R$2338,10,0) -> No major surgery | AD83: =VLOOKUP(T83,$B$3:$R$2338,11,0) -> Yes | AE83: =VLOOKUP(T83,$B$3:$R$2338,12,0) -> 15-Aug-2003 | AF83: =VLOOKUP(T83,$B$3:$R$2338,13,0) -> 20 | AG83: =VLOOKUP(T83,$B$3:$R$2338,14,0) -> 1261.86 | AH83: =VLOOKUP(T83,$B$3:$R$2338,15,0) -> tier - 2 | AI83: =VLOOKUP(T83,B82:R2417,16,0) -> tier - 3 | AJ83: =VLOOKUP(T83,$B$3:$R$2338,17,0) -> R1011
B84: Id81 | C84: Gwen M | D84: 45.65 | E84: =IF(D84<18.5,"Underweight", IF(AND(D84>=18.5,D84<=24.9),"Healthy Weight", IF(AND(D84>=25,D84<=29.9),"Overweight", IF(D84>=30,"Obesity")))) -> Obesity | F84: 5.11 | G84: =IF(F84<5.7,"Normal",IF(AND(F84>=5.7,F84<=6.4),"Prediabetes",IF(F84>=6.5,"Diabetes"))) -> Normal | H84: Yes | I84: No | J84: No | K84: 1 | L84: Yes | M84: 21-Nov-2003 | N84: 20 | O84: 1263.25 | P84: tier - 2 | Q84: tier - 3 | R84: R1011 | T84: Id81 | U84: =VLOOKUP(T84,$B$3:$R$2338,2,FALSE) -> Gwen M | V84: =VLOOKUP(T84,$B$3:$R$2338,3,FALSE) -> 45.65 | W84: =VLOOKUP(T84,$B$3:$R$2338,4,FALSE) -> Obesity | X84: =VLOOKUP(T84,$B$3:$R$2338,5,FALSE) -> 5.11 | Y84: =VLOOKUP(T84,$B$3:$R$2338,6,0) -> Normal | Z84: =VLOOKUP(T84,$B$3:$R$2338,7,0) -> Yes | AA84: =VLOOKUP(T84,$B$3:$R$2338,8,0) -> No | AB84: =VLOOKUP(T84,$B$3:$R$2338,9,0) -> No | AC84: =VLOOKUP(T84,$B$3:$R$2338,10,0) -> 1 | AD84: =VLOOKUP(T84,$B$3:$R$2338,11,0) -> Yes | AE84: =VLOOKUP(T84,$B$3:$R$2338,12,0) -> 21-Nov-2003 | AF84: =VLOOKUP(T84,$B$3:$R$2338,13,0) -> 20 | AG84: =VLOOKUP(T84,$B$3:$R$2338,14,0) -> 1263.25 | AH84: =VLOOKUP(T84,$B$3:$R$2338,15,0) -> tier - 2 | AI84: =VLOOKUP(T84,B83:R2418,16,0) -> tier - 3 | AJ84: =VLOOKUP(T84,$B$3:$R$2338,17,0) -> R1011
B85: Id82 | C85: Patrick | D85: 52.9 | E85: =IF(D85<18.5,"Underweight", IF(AND(D85>=18.5,D85<=24.9),"Healthy Weight", IF(AND(D85>=25,D85<=29.9),"Overweight", IF(D85>=30,"Obesity")))) -> Obesity | F85: 5.34 | G85: =IF(F85<5.7,"Normal",IF(AND(F85>=5.7,F85<=6.4),"Prediabetes",IF(F85>=6.5,"Diabetes"))) -> Normal | H85: No | I85: No | J85: No | K85: No major surgery | L85: Yes | M85: 4-Dec-2002 | N85: 21 | O85: 1267 | P85: tier - 2 | Q85: tier - 1 | R85: R1013 | T85: Id82 | U85: =VLOOKUP(T85,$B$3:$R$2338,2,FALSE) -> Patrick | V85: =VLOOKUP(T85,$B$3:$R$2338,3,FALSE) -> 52.9 | W85: =VLOOKUP(T85,$B$3:$R$2338,4,FALSE) -> Obesity | X85: =VLOOKUP(T85,$B$3:$R$2338,5,FALSE) -> 5.34 | Y85: =VLOOKUP(T85,$B$3:$R$2338,6,0) -> Normal | Z85: =VLOOKUP(T85,$B$3:$R$2338,7,0) -> No | AA85: =VLOOKUP(T85,$B$3:$R$2338,8,0) -> No | AB85: =VLOOKUP(T85,$B$3:$R$2338,9,0) -> No | AC85: =VLOOKUP(T85,$B$3:$R$2338,10,0) -> No major surgery | AD85: =VLOOKUP(T85,$B$3:$R$2338,11,0) -> Yes | AE85: =VLOOKUP(T85,$B$3:$R$2338,12,0) -> 4-Dec-2002 | AF85: =VLOOKUP(T85,$B$3:$R$2338,13,0) -> 21 | AG85: =VLOOKUP(T85,$B$3:$R$2338,14,0) -> 1267 | AH85: =VLOOKUP(T85,$B$3:$R$2338,15,0) -> tier - 2 | AI85: =VLOOKUP(T85,B84:R2419,16,0) -> tier - 1 | AJ85: =VLOOKUP(T85,$B$3:$R$2338,17,0) -> R1013
B86: Id83 | C86: Kate | D86: 45.41 | E86: =IF(D86<18.5,"Underweight", IF(AND(D86>=18.5,D86<=24.9),"Healthy Weight", IF(AND(D86>=25,D86<=29.9),"Overweight", IF(D86>=30,"Obesity")))) -> Obesity | F86: 4.03 | G86: =IF(F86<5.7,"Normal",IF(AND(F86>=5.7,F86<=6.4),"Prediabetes",IF(F86>=6.5,"Diabetes"))) -> Normal | H86: Yes | I86: No | J86: No | K86: 1 | L86: Yes | M86: 26-Oct-1997 | N86: 26 | O86: 1276 | P86: tier - 2 | Q86: tier - 2 | R86: R1012 | T86: Id83 | U86: =VLOOKUP(T86,$B$3:$R$2338,2,FALSE) -> Kate | V86: =VLOOKUP(T86,$B$3:$R$2338,3,FALSE) -> 45.41 | W86: =VLOOKUP(T86,$B$3:$R$2338,4,FALSE) -> Obesity | X86: =VLOOKUP(T86,$B$3:$R$2338,5,FALSE) -> 4.03 | Y86: =VLOOKUP(T86,$B$3:$R$2338,6,0) -> Normal | Z86: =VLOOKUP(T86,$B$3:$R$2338,7,0) -> Yes | AA86: =VLOOKUP(T86,$B$3:$R$2338,8,0) -> No | AB86: =VLOOKUP(T86,$B$3:$R$2338,9,0) -> No | AC86: =VLOOKUP(T86,$B$3:$R$2338,10,0) -> 1 | AD86: =VLOOKUP(T86,$B$3:$R$2338,11,0) -> Yes | AE86: =VLOOKUP(T86,$B$3:$R$2338,12,0) -> 26-Oct-1997 | AF86: =VLOOKUP(T86,$B$3:$R$2338,13,0) -> 26 | AG86: =VLOOKUP(T86,$B$3:$R$2338,14,0) -> 1276 | AH86: =VLOOKUP(T86,$B$3:$R$2338,15,0) -> tier - 2 | AI86: =VLOOKUP(T86,B85:R2420,16,0) -> tier - 2 | AJ86: =VLOOKUP(T86,$B$3:$R$2338,17,0) -> R1012
B87: Id84 | C87: Kevin | D87: 49.41 | E87: =IF(D87<18.5,"Underweight", IF(AND(D87>=18.5,D87<=24.9),"Healthy Weight", IF(AND(D87>=25,D87<=29.9),"Overweight", IF(D87>=30,"Obesity")))) -> Obesity | F87: 4.23 | G87: =IF(F87<5.7,"Normal",IF(AND(F87>=5.7,F87<=6.4),"Prediabetes",IF(F87>=6.5,"Diabetes"))) -> Normal | H87: Yes | I87: No | J87: Yes | K87: 1 | L87: Yes | M87: 30-Sep-2004 | N87: 19 | O87: 1283 | P87: tier - 2 | Q87: tier - 1 | R87: R1013 | T87: Id84 | U87: =VLOOKUP(T87,$B$3:$R$2338,2,FALSE) -> Kevin | V87: =VLOOKUP(T87,$B$3:$R$2338,3,FALSE) -> 49.41 | W87: =VLOOKUP(T87,$B$3:$R$2338,4,FALSE) -> Obesity | X87: =VLOOKUP(T87,$B$3:$R$2338,5,FALSE) -> 4.23 | Y87: =VLOOKUP(T87,$B$3:$R$2338,6,0) -> Normal | Z87: =VLOOKUP(T87,$B$3:$R$2338,7,0) -> Yes | AA87: =VLOOKUP(T87,$B$3:$R$2338,8,0) -> No | AB87: =VLOOKUP(T87,$B$3:$R$2338,9,0) -> Yes | AC87: =VLOOKUP(T87,$B$3:$R$2338,10,0) -> 1 | AD87: =VLOOKUP(T87,$B$3:$R$2338,11,0) -> Yes | AE87: =VLOOKUP(T87,$B$3:$R$2338,12,0) -> 30-Sep-2004 | AF87: =VLOOKUP(T87,$B$3:$R$2338,13,0) -> 19 | AG87: =VLOOKUP(T87,$B$3:$R$2338,14,0) -> 1283 | AH87: =VLOOKUP(T87,$B$3:$R$2338,15,0) -> tier - 2 | AI87: =VLOOKUP(T87,B86:R2421,16,0) -> tier - 1 | AJ87: =VLOOKUP(T87,$B$3:$R$2338,17,0) -> R1013
B88: Id85 | C88: Stephen II | D88: 31.825 | E88: =IF(D88<18.5,"Underweight", IF(AND(D88>=18.5,D88<=24.9),"Healthy Weight", IF(AND(D88>=25,D88<=29.9),"Overweight", IF(D88>=30,"Obesity")))) -> Obesity | F88: 4.06 | G88: =IF(F88<5.7,"Normal",IF(AND(F88>=5.7,F88<=6.4),"Prediabetes",IF(F88>=6.5,"Diabetes"))) -> Normal | H88: No | I88: No | J88: No | K88: 2 | L88: Yes | M88: 28-Jul-2004 | N88: 19 | O88: 1285 | P88: tier - 2 | Q88: tier - 3 | R88: R1013 | T88: Id85 | U88: =VLOOKUP(T88,$B$3:$R$2338,2,FALSE) -> Stephen II | V88: =VLOOKUP(T88,$B$3:$R$2338,3,FALSE) -> 31.825 | W88: =VLOOKUP(T88,$B$3:$R$2338,4,FALSE) -> Obesity | X88: =VLOOKUP(T88,$B$3:$R$2338,5,FALSE) -> 4.06 | Y88: =VLOOKUP(T88,$B$3:$R$2338,6,0) -> Normal | Z88: =VLOOKUP(T88,$B$3:$R$2338,7,0) -> No | AA88: =VLOOKUP(T88,$B$3:$R$2338,8,0) -> No | AB88: =VLOOKUP(T88,$B$3:$R$2338,9,0) -> No | AC88: =VLOOKUP(T88,$B$3:$R$2338,10,0) -> 2 | AD88: =VLOOKUP(T88,$B$3:$R$2338,11,0) -> Yes | AE88: =VLOOKUP(T88,$B$3:$R$2338,12,0) -> 28-Jul-2004 | AF88: =VLOOKUP(T88,$B$3:$R$2338,13,0) -> 19 | AG88: =VLOOKUP(T88,$B$3:$R$2338,14,0) -> 1285 | AH88: =VLOOKUP(T88,$B$3:$R$2338,15,0) -> tier - 2 | AI88: =VLOOKUP(T88,B87:R2422,16,0) -> tier - 3 | AJ88: =VLOOKUP(T88,$B$3:$R$2338,17,0) -> R1013
B89: Id86 | C89: Philip | D89: 51.28 | E89: =IF(D89<18.5,"Underweight", IF(AND(D89>=18.5,D89<=24.9),"Healthy Weight", IF(AND(D89>=25,D89<=29.9),"Overweight", IF(D89>=30,"Obesity")))) -> Obesity | F89: 4.68 | G89: =IF(F89<5.7,"Normal",IF(AND(F89>=5.7,F89<=6.4),"Prediabetes",IF(F89>=6.5,"Diabetes"))) -> Normal | H89: No | I89: No | J89: No | K89: 2 | L89: Yes | M89: 26-Jun-2000 | N89: 23 | O89: 1286 | P89: tier - 2 | Q89: tier - 2 | R89: R1013 | T89: Id86 | U89: =VLOOKUP(T89,$B$3:$R$2338,2,FALSE) -> Philip | V89: =VLOOKUP(T89,$B$3:$R$2338,3,FALSE) -> 51.28 | W89: =VLOOKUP(T89,$B$3:$R$2338,4,FALSE) -> Obesity | X89: =VLOOKUP(T89,$B$3:$R$2338,5,FALSE) -> 4.68 | Y89: =VLOOKUP(T89,$B$3:$R$2338,6,0) -> Normal | Z89: =VLOOKUP(T89,$B$3:$R$2338,7,0) -> No | AA89: =VLOOKUP(T89,$B$3:$R$2338,8,0) -> No | AB89: =VLOOKUP(T89,$B$3:$R$2338,9,0) -> No | AC89: =VLOOKUP(T89,$B$3:$R$2338,10,0) -> 2 | AD89: =VLOOKUP(T89,$B$3:$R$2338,11,0) -> Yes | AE89: =VLOOKUP(T89,$B$3:$R$2338,12,0) -> 26-Jun-2000 | AF89: =VLOOKUP(T89,$B$3:$R$2338,13,0) -> 23 | AG89: =VLOOKUP(T89,$B$3:$R$2338,14,0) -> 1286 | AH89: =VLOOKUP(T89,$B$3:$R$2338,15,0) -> tier - 2 | AI89: =VLOOKUP(T89,B88:R2423,16,0) -> tier - 2 | AJ89: =VLOOKUP(T89,$B$3:$R$2338,17,0) -> R1013
B90: Id87 | C90: Brett A | D90: 34.96 | E90: =IF(D90<18.5,"Underweight", IF(AND(D90>=18.5,D90<=24.9),"Healthy Weight", IF(AND(D90>=25,D90<=29.9),"Overweight", IF(D90>=30,"Obesity")))) -> Obesity | F90: 4.34 | G90: =IF(F90<5.7,"Normal",IF(AND(F90>=5.7,F90<=6.4),"Prediabetes",IF(F90>=6.5,"Diabetes"))) -> Normal | H90: No | I90: No | J90: Yes | K90: 1 | L90: Yes | M90: 4-Jun-1998 | N90: 25 | O90: 1290.93 | P90: tier - 2 | Q90: tier - 2 | R90: R1013 | T90: Id87 | U90: =VLOOKUP(T90,$B$3:$R$2338,2,FALSE) -> Brett A | V90: =VLOOKUP(T90,$B$3:$R$2338,3,FALSE) -> 34.96 | W90: =VLOOKUP(T90,$B$3:$R$2338,4,FALSE) -> Obesity | X90: =VLOOKUP(T90,$B$3:$R$2338,5,FALSE) -> 4.34 | Y90: =VLOOKUP(T90,$B$3:$R$2338,6,0) -> Normal | Z90: =VLOOKUP(T90,$B$3:$R$2338,7,0) -> No | AA90: =VLOOKUP(T90,$B$3:$R$2338,8,0) -> No | AB90: =VLOOKUP(T90,$B$3:$R$2338,9,0) -> Yes | AC90: =VLOOKUP(T90,$B$3:$R$2338,10,0) -> 1 | AD90: =VLOOKUP(T90,$B$3:$R$2338,11,0) -> Yes | AE90: =VLOOKUP(T90,$B$3:$R$2338,12,0) -> 4-Jun-1998 | AF90: =VLOOKUP(T90,$B$3:$R$2338,13,0) -> 25 | AG90: =VLOOKUP(T90,$B$3:$R$2338,14,0) -> 1290.93 | AH90: =VLOOKUP(T90,$B$3:$R$2338,15,0) -> tier - 2 | AI90: =VLOOKUP(T90,B89:R2424,16,0) -> tier - 2 | AJ90: =VLOOKUP(T90,$B$3:$R$2338,17,0) -> R1013
B91: Id88 | C91: Rebecca | D91: 33.11 | E91: =IF(D91<18.5,"Underweight", IF(AND(D91>=18.5,D91<=24.9),"Healthy Weight", IF(AND(D91>=25,D91<=29.9),"Overweight", IF(D91>=30,"Obesity")))) -> Obesity | F91: 10.51 | G91: =IF(F91<5.7,"Normal",IF(AND(F91>=5.7,F91<=6.4),"Prediabetes",IF(F91>=6.5,"Diabetes"))) -> Diabetes | H91: No | I91: No | J91: No | K91: No major surgery | L91: Yes | M91: 29-Nov-2001 | N91: 22 | O91: 1293 | P91: tier - 2 | Q91: tier - 3 | R91: R1012 | T91: Id88 | U91: =VLOOKUP(T91,$B$3:$R$2338,2,FALSE) -> Rebecca | V91: =VLOOKUP(T91,$B$3:$R$2338,3,FALSE) -> 33.11 | W91: =VLOOKUP(T91,$B$3:$R$2338,4,FALSE) -> Obesity | X91: =VLOOKUP(T91,$B$3:$R$2338,5,FALSE) -> 10.51 | Y91: =VLOOKUP(T91,$B$3:$R$2338,6,0) -> Diabetes | Z91: =VLOOKUP(T91,$B$3:$R$2338,7,0) -> No | AA91: =VLOOKUP(T91,$B$3:$R$2338,8,0) -> No | AB91: =VLOOKUP(T91,$B$3:$R$2338,9,0) -> No | AC91: =VLOOKUP(T91,$B$3:$R$2338,10,0) -> No major surgery | AD91: =VLOOKUP(T91,$B$3:$R$2338,11,0) -> Yes | AE91: =VLOOKUP(T91,$B$3:$R$2338,12,0) -> 29-Nov-2001 | AF91: =VLOOKUP(T91,$B$3:$R$2338,13,0) -> 22 | AG91: =VLOOKUP(T91,$B$3:$R$2338,14,0) -> 1293 | AH91: =VLOOKUP(T91,$B$3:$R$2338,15,0) -> tier - 2 | AI91: =VLOOKUP(T91,B90:R2425,16,0) -> tier - 3 | AJ91: =VLOOKUP(T91,$B$3:$R$2338,17,0) -> R1012
B92: Id89 | C92: Kelley | D92: 54.74 | E92: =IF(D92<18.5,"Underweight", IF(AND(D92>=18.5,D92<=24.9),"Healthy Weight", IF(AND(D92>=25,D92<=29.9),"Overweight", IF(D92>=30,"Obesity")))) -> Obesity | F92: 5.84 | G92: =IF(F92<5.7,"Normal",IF(AND(F92>=5.7,F92<=6.4),"Prediabetes",IF(F92>=6.5,"Diabetes"))) -> Prediabetes | H92: Yes | I92: No | J92: Yes | K92: 1 | L92: Yes | M92: 10-Dec-2002 | N92: 21 | O92: 1304 | P92: tier - 2 | Q92: tier - 2 | R92: R1012 | T92: Id89 | U92: =VLOOKUP(T92,$B$3:$R$2338,2,FALSE) -> Kelley | V92: =VLOOKUP(T92,$B$3:$R$2338,3,FALSE) -> 54.74 | W92: =VLOOKUP(T92,$B$3:$R$2338,4,FALSE) -> Obesity | X92: =VLOOKUP(T92,$B$3:$R$2338,5,FALSE) -> 5.84 | Y92: =VLOOKUP(T92,$B$3:$R$2338,6,0) -> Prediabetes | Z92: =VLOOKUP(T92,$B$3:$R$2338,7,0) -> Yes | AA92: =VLOOKUP(T92,$B$3:$R$2338,8,0) -> No | AB92: =VLOOKUP(T92,$B$3:$R$2338,9,0) -> Yes | AC92: =VLOOKUP(T92,$B$3:$R$2338,10,0) -> 1 | AD92: =VLOOKUP(T92,$B$3:$R$2338,11,0) -> Yes | AE92: =VLOOKUP(T92,$B$3:$R$2338,12,0) -> 10-Dec-2002 | AF92: =VLOOKUP(T92,$B$3:$R$2338,13,0) -> 21 | AG92: =VLOOKUP(T92,$B$3:$R$2338,14,0) -> 1304 | AH92: =VLOOKUP(T92,$B$3:$R$2338,15,0) -> tier - 2 | AI92: =VLOOKUP(T92,B91:R2426,16,0) -> tier - 2 | AJ92: =VLOOKUP(T92,$B$3:$R$2338,17,0) -> R1012
B93: Id90 | C93: Abigail K | D93: 32.56 | E93: =IF(D93<18.5,"Underweight", IF(AND(D93>=18.5,D93<=24.9),"Healthy Weight", IF(AND(D93>=25,D93<=29.9),"Overweight", IF(D93>=30,"Obesity")))) -> Obesity | F93: 5.41 | G93: =IF(F93<5.7,"Normal",IF(AND(F93>=5.7,F93<=6.4),"Prediabetes",IF(F93>=6.5,"Diabetes"))) -> Normal | H93: No | I93: No | J93: Yes | K93: 1 | L93: Yes | M93: 2-Dec-1999 | N93: 24 | O93: 1304 | P93: tier - 2 | Q93: tier - 2 | R93: R1013 | T93: Id90 | U93: =VLOOKUP(T93,$B$3:$R$2338,2,FALSE) -> Abigail K | V93: =VLOOKUP(T93,$B$3:$R$2338,3,FALSE) -> 32.56 | W93: =VLOOKUP(T93,$B$3:$R$2338,4,FALSE) -> Obesity | X93: =VLOOKUP(T93,$B$3:$R$2338,5,FALSE) -> 5.41 | Y93: =VLOOKUP(T93,$B$3:$R$2338,6,0) -> Normal | Z93: =VLOOKUP(T93,$B$3:$R$2338,7,0) -> No | AA93: =VLOOKUP(T93,$B$3:$R$2338,8,0) -> No | AB93: =VLOOKUP(T93,$B$3:$R$2338,9,0) -> Yes | AC93: =VLOOKUP(T93,$B$3:$R$2338,10,0) -> 1 | AD93: =VLOOKUP(T93,$B$3:$R$2338,11,0) -> Yes | AE93: =VLOOKUP(T93,$B$3:$R$2338,12,0) -> 2-Dec-1999 | AF93: =VLOOKUP(T93,$B$3:$R$2338,13,0) -> 24 | AG93: =VLOOKUP(T93,$B$3:$R$2338,14,0) -> 1304 | AH93: =VLOOKUP(T93,$B$3:$R$2338,15,0) -> tier - 2 | AI93: =VLOOKUP(T93,B92:R2427,16,0) -> tier - 2 | AJ93: =VLOOKUP(T93,$B$3:$R$2338,17,0) -> R1013
B94: Id91 | C94: Hope | D94: 39.05 | E94: =IF(D94<18.5,"Underweight", IF(AND(D94>=18.5,D94<=24.9),"Healthy Weight", IF(AND(D94>=25,D94<=29.9),"Overweight", IF(D94>=30,"Obesity")))) -> Obesity | F94: 6.06 | G94: =IF(F94<5.7,"Normal",IF(AND(F94>=5.7,F94<=6.4),"Prediabetes",IF(F94>=6.5,"Diabetes"))) -> Prediabetes | H94: No | I94: No | J94: No | K94: 1 | L94: Yes | M94: 13-Oct-2002 | N94: 21 | O94: 1315 | P94: tier - 2 | Q94: tier - 2 | R94: R1013 | T94: Id91 | U94: =VLOOKUP(T94,$B$3:$R$2338,2,FALSE) -> Hope | V94: =VLOOKUP(T94,$B$3:$R$2338,3,FALSE) -> 39.05 | W94: =VLOOKUP(T94,$B$3:$R$2338,4,FALSE) -> Obesity | X94: =VLOOKUP(T94,$B$3:$R$2338,5,FALSE) -> 6.06 | Y94: =VLOOKUP(T94,$B$3:$R$2338,6,0) -> Prediabetes | Z94: =VLOOKUP(T94,$B$3:$R$2338,7,0) -> No | AA94: =VLOOKUP(T94,$B$3:$R$2338,8,0) -> No | AB94: =VLOOKUP(T94,$B$3:$R$2338,9,0) -> No | AC94: =VLOOKUP(T94,$B$3:$R$2338,10,0) -> 1 | AD94: =VLOOKUP(T94,$B$3:$R$2338,11,0) -> Yes | AE94: =VLOOKUP(T94,$B$3:$R$2338,12,0) -> 13-Oct-2002 | AF94: =VLOOKUP(T94,$B$3:$R$2338,13,0) -> 21 | AG94: =VLOOKUP(T94,$B$3:$R$2338,14,0) -> 1315 | AH94: =VLOOKUP(T94,$B$3:$R$2338,15,0) -> tier - 2 | AI94: =VLOOKUP(T94,B93:R2428,16,0) -> tier - 2 | AJ94: =VLOOKUP(T94,$B$3:$R$2338,17,0) -> R1013
B95: Id92 | C95: Elyse M | D95: 42.75 | E95: =IF(D95<18.5,"Underweight", IF(AND(D95>=18.5,D95<=24.9),"Healthy Weight", IF(AND(D95>=25,D95<=29.9),"Overweight", IF(D95>=30,"Obesity")))) -> Obesity | F95: 4.22 | G95: =IF(F95<5.7,"Normal",IF(AND(F95>=5.7,F95<=6.4),"Prediabetes",IF(F95>=6.5,"Diabetes"))) -> Normal | H95: No | I95: No | J95: No | K95: No major surgery | L95: Yes | M95: 14-Oct-1999 | N95: 24 | O95: 1329.17 | P95: tier - 2 | Q95: tier - 3 | R95: R1013 | T95: Id92 | U95: =VLOOKUP(T95,$B$3:$R$2338,2,FALSE) -> Elyse M | V95: =VLOOKUP(T95,$B$3:$R$2338,3,FALSE) -> 42.75 | W95: =VLOOKUP(T95,$B$3:$R$2338,4,FALSE) -> Obesity | X95: =VLOOKUP(T95,$B$3:$R$2338,5,FALSE) -> 4.22 | Y95: =VLOOKUP(T95,$B$3:$R$2338,6,0) -> Normal | Z95: =VLOOKUP(T95,$B$3:$R$2338,7,0) -> No | AA95: =VLOOKUP(T95,$B$3:$R$2338,8,0) -> No | AB95: =VLOOKUP(T95,$B$3:$R$2338,9,0) -> No | AC95: =VLOOKUP(T95,$B$3:$R$2338,10,0) -> No major surgery | AD95: =VLOOKUP(T95,$B$3:$R$2338,11,0) -> Yes | AE95: =VLOOKUP(T95,$B$3:$R$2338,12,0) -> 14-Oct-1999 | AF95: =VLOOKUP(T95,$B$3:$R$2338,13,0) -> 24 | AG95: =VLOOKUP(T95,$B$3:$R$2338,14,0) -> 1329.17 | AH95: =VLOOKUP(T95,$B$3:$R$2338,15,0) -> tier - 2 | AI95: =VLOOKUP(T95,B94:R2429,16,0) -> tier - 3 | AJ95: =VLOOKUP(T95,$B$3:$R$2338,17,0) -> R1013
B96: Id93 | C96: Nicholas | D96: 50.58 | E96: =IF(D96<18.5,"Underweight", IF(AND(D96>=18.5,D96<=24.9),"Healthy Weight", IF(AND(D96>=25,D96<=29.9),"Overweight", IF(D96>=30,"Obesity")))) -> Obesity | F96: 5.12 | G96: =IF(F96<5.7,"Normal",IF(AND(F96>=5.7,F96<=6.4),"Prediabetes",IF(F96>=6.5,"Diabetes"))) -> Normal | H96: No | I96: No | J96: No | K96: 2 | L96: Yes | M96: 12-Jul-1998 | N96: 25 | O96: 1332.61 | P96: tier - 2 | Q96: tier - 3 | R96: R1013 | T96: Id93 | U96: =VLOOKUP(T96,$B$3:$R$2338,2,FALSE) -> Nicholas | V96: =VLOOKUP(T96,$B$3:$R$2338,3,FALSE) -> 50.58 | W96: =VLOOKUP(T96,$B$3:$R$2338,4,FALSE) -> Obesity | X96: =VLOOKUP(T96,$B$3:$R$2338,5,FALSE) -> 5.12 | Y96: =VLOOKUP(T96,$B$3:$R$2338,6,0) -> Normal | Z96: =VLOOKUP(T96,$B$3:$R$2338,7,0) -> No | AA96: =VLOOKUP(T96,$B$3:$R$2338,8,0) -> No | AB96: =VLOOKUP(T96,$B$3:$R$2338,9,0) -> No | AC96: =VLOOKUP(T96,$B$3:$R$2338,10,0) -> 2 | AD96: =VLOOKUP(T96,$B$3:$R$2338,11,0) -> Yes | AE96: =VLOOKUP(T96,$B$3:$R$2338,12,0) -> 12-Jul-1998 | AF96: =VLOOKUP(T96,$B$3:$R$2338,13,0) -> 25 | AG96: =VLOOKUP(T96,$B$3:$R$2338,14,0) -> 1332.61 | AH96: =VLOOKUP(T96,$B$3:$R$2338,15,0) -> tier - 2 | AI96: =VLOOKUP(T96,B95:R2430,16,0) -> tier - 3 | AJ96: =VLOOKUP(T96,$B$3:$R$2338,17,0) -> R1013
B97: Id94 | C97: David | D97: 30.495 | E97: =IF(D97<18.5,"Underweight", IF(AND(D97>=18.5,D97<=24.9),"Healthy Weight", IF(AND(D97>=25,D97<=29.9),"Overweight", IF(D97>=30,"Obesity")))) -> Obesity | F97: 4.57 | G97: =IF(F97<5.7,"Normal",IF(AND(F97>=5.7,F97<=6.4),"Prediabetes",IF(F97>=6.5,"Diabetes"))) -> Normal | H97: Yes | I97: No | J97: No | K97: No major surgery | L97: Yes | M97: 30-Jul-1995 | N97: 28 | O97: 1338 | P97: tier - 2 | Q97: tier - 3 | R97: R1012 | T97: Id94 | U97: =VLOOKUP(T97,$B$3:$R$2338,2,FALSE) -> David | V97: =VLOOKUP(T97,$B$3:$R$2338,3,FALSE) -> 30.495 | W97: =VLOOKUP(T97,$B$3:$R$2338,4,FALSE) -> Obesity | X97: =VLOOKUP(T97,$B$3:$R$2338,5,FALSE) -> 4.57 | Y97: =VLOOKUP(T97,$B$3:$R$2338,6,0) -> Normal | Z97: =VLOOKUP(T97,$B$3:$R$2338,7,0) -> Yes | AA97: =VLOOKUP(T97,$B$3:$R$2338,8,0) -> No | AB97: =VLOOKUP(T97,$B$3:$R$2338,9,0) -> No | AC97: =VLOOKUP(T97,$B$3:$R$2338,10,0) -> No major surgery | AD97: =VLOOKUP(T97,$B$3:$R$2338,11,0) -> Yes | AE97: =VLOOKUP(T97,$B$3:$R$2338,12,0) -> 30-Jul-1995 | AF97: =VLOOKUP(T97,$B$3:$R$2338,13,0) -> 28 | AG97: =VLOOKUP(T97,$B$3:$R$2338,14,0) -> 1338 | AH97: =VLOOKUP(T97,$B$3:$R$2338,15,0) -> tier - 2 | AI97: =VLOOKUP(T97,B96:R2431,16,0) -> tier - 3 | AJ97: =VLOOKUP(T97,$B$3:$R$2338,17,0) -> R1012
B98: Id95 | C98: Natalie | D98: 48.31 | E98: =IF(D98<18.5,"Underweight", IF(AND(D98>=18.5,D98<=24.9),"Healthy Weight", IF(AND(D98>=25,D98<=29.9),"Overweight", IF(D98>=30,"Obesity")))) -> Obesity | F98: 9.58 | G98: =IF(F98<5.7,"Normal",IF(AND(F98>=5.7,F98<=6.4),"Prediabetes",IF(F98>=6.5,"Diabetes"))) -> Diabetes | H98: Yes | I98: No | J98: No | K98: 2 | L98: Yes | M98: 7-Nov-1997 | N98: 26 | O98: 1341.16 | P98: tier - 2 | Q98: tier - 2 | R98: R1012 | T98: Id95 | U98: =VLOOKUP(T98,$B$3:$R$2338,2,FALSE) -> Natalie | V98: =VLOOKUP(T98,$B$3:$R$2338,3,FALSE) -> 48.31 | W98: =VLOOKUP(T98,$B$3:$R$2338,4,FALSE) -> Obesity | X98: =VLOOKUP(T98,$B$3:$R$2338,5,FALSE) -> 9.58 | Y98: =VLOOKUP(T98,$B$3:$R$2338,6,0) -> Diabetes | Z98: =VLOOKUP(T98,$B$3:$R$2338,7,0) -> Yes | AA98: =VLOOKUP(T98,$B$3:$R$2338,8,0) -> No | AB98: =VLOOKUP(T98,$B$3:$R$2338,9,0) -> No | AC98: =VLOOKUP(T98,$B$3:$R$2338,10,0) -> 2 | AD98: =VLOOKUP(T98,$B$3:$R$2338,11,0) -> Yes | AE98: =VLOOKUP(T98,$B$3:$R$2338,12,0) -> 7-Nov-1997 | AF98: =VLOOKUP(T98,$B$3:$R$2338,13,0) -> 26 | AG98: =VLOOKUP(T98,$B$3:$R$2338,14,0) -> 1341.16 | AH98: =VLOOKUP(T98,$B$3:$R$2338,15,0) -> tier - 2 | AI98: =VLOOKUP(T98,B97:R2432,16,0) -> tier - 2 | AJ98: =VLOOKUP(T98,$B$3:$R$2338,17,0) -> R1012
B99: Id96 | C99: Thomas | D99: 48.99 | E99: =IF(D99<18.5,"Underweight", IF(AND(D99>=18.5,D99<=24.9),"Healthy Weight", IF(AND(D99>=25,D99<=29.9),"Overweight", IF(D99>=30,"Obesity")))) -> Obesity | F99: 9.78 | G99: =IF(F99<5.7,"Normal",IF(AND(F99>=5.7,F99<=6.4),"Prediabetes",IF(F99>=6.5,"Diabetes"))) -> Diabetes | H99: Yes | I99: No | J99: No | K99: 1 | L99: Yes | M99: 3-Dec-1998 | N99: 25 | O99: 1359 | P99: tier - 2 | Q99: tier - 1 | R99: R1013 | T99: Id96 | U99: =VLOOKUP(T99,$B$3:$R$2338,2,FALSE) -> Thomas | V99: =VLOOKUP(T99,$B$3:$R$2338,3,FALSE) -> 48.99 | W99: =VLOOKUP(T99,$B$3:$R$2338,4,FALSE) -> Obesity | X99: =VLOOKUP(T99,$B$3:$R$2338,5,FALSE) -> 9.78 | Y99: =VLOOKUP(T99,$B$3:$R$2338,6,0) -> Diabetes | Z99: =VLOOKUP(T99,$B$3:$R$2338,7,0) -> Yes | AA99: =VLOOKUP(T99,$B$3:$R$2338,8,0) -> No | AB99: =VLOOKUP(T99,$B$3:$R$2338,9,0) -> No | AC99: =VLOOKUP(T99,$B$3:$R$2338,10,0) -> 1 | AD99: =VLOOKUP(T99,$B$3:$R$2338,11,0) -> Yes | AE99: =VLOOKUP(T99,$B$3:$R$2338,12,0) -> 3-Dec-1998 | AF99: =VLOOKUP(T99,$B$3:$R$2338,13,0) -> 25 | AG99: =VLOOKUP(T99,$B$3:$R$2338,14,0) -> 1359 | AH99: =VLOOKUP(T99,$B$3:$R$2338,15,0) -> tier - 2 | AI99: =VLOOKUP(T99,B98:R2433,16,0) -> tier - 1 | AJ99: =VLOOKUP(T99,$B$3:$R$2338,17,0) -> R1013
B100: Id97 | C100: Pamela J | D100: 38.39 | E100: =IF(D100<18.5,"Underweight", IF(AND(D100>=18.5,D100<=24.9),"Healthy Weight", IF(AND(D100>=25,D100<=29.9),"Overweight", IF(D100>=30,"Obesity")))) -> Obesity | F100: 4.11 | G100: =IF(F100<5.7,"Normal",IF(AND(F100>=5.7,F100<=6.4),"Prediabetes",IF(F100>=6.5,"Diabetes"))) -> Normal | H100: Yes | I100: No | J100: No | K100: No major surgery | L100: Yes | M100: 15-Aug-2002 | N100: 21 | O100: 1382 | P100: tier - 2 | Q100: tier - 1 | R100: R1013 | T100: Id97 | U100: =VLOOKUP(T100,$B$3:$R$2338,2,FALSE) -> Pamela J | V100: =VLOOKUP(T100,$B$3:$R$2338,3,FALSE) -> 38.39 | W100: =VLOOKUP(T100,$B$3:$R$2338,4,FALSE) -> Obesity | X100: =VLOOKUP(T100,$B$3:$R$2338,5,FALSE) -> 4.11 | Y100: =VLOOKUP(T100,$B$3:$R$2338,6,0) -> Normal | Z100: =VLOOKUP(T100,$B$3:$R$2338,7,0) -> Yes | AA100: =VLOOKUP(T100,$B$3:$R$2338,8,0) -> No | AB100: =VLOOKUP(T100,$B$3:$R$2338,9,0) -> No | AC100: =VLOOKUP(T100,$B$3:$R$2338,10,0) -> No major surgery | AD100: =VLOOKUP(T100,$B$3:$R$2338,11,0) -> Yes | AE100: =VLOOKUP(T100,$B$3:$R$2338,12,0) -> 15-Aug-2002 | AF100: =VLOOKUP(T100,$B$3:$R$2338,13,0) -> 21 | AG100: =VLOOKUP(T100,$B$3:$R$2338,14,0) -> 1382 | AH100: =VLOOKUP(T100,$B$3:$R$2338,15,0) -> tier - 2 | AI100: =VLOOKUP(T100,B99:R2434,16,0) -> tier - 1 | AJ100: =VLOOKUP(T100,$B$3:$R$2338,17,0) -> R1013
B101: Id98 | C101: Jessica | D101: 44.34 | E101: =IF(D101<18.5,"Underweight", IF(AND(D101>=18.5,D101<=24.9),"Healthy Weight", IF(AND(D101>=25,D101<=29.9),"Overweight", IF(D101>=30,"Obesity")))) -> Obesity | F101: 4.02 | G101: =IF(F101<5.7,"Normal",IF(AND(F101>=5.7,F101<=6.4),"Prediabetes",IF(F101>=6.5,"Diabetes"))) -> Normal | H101: Yes | I101: No | J101: No | K101: 2 | L101: Yes | M101: 6-Jul-1999 | N101: 24 | O101: 1389 | P101: tier - 2 | Q101: tier - 2 | R101: R1013 | T101: Id98 | U101: =VLOOKUP(T101,$B$3:$R$2338,2,FALSE) -> Jessica | V101: =VLOOKUP(T101,$B$3:$R$2338,3,FALSE) -> 44.34 | W101: =VLOOKUP(T101,$B$3:$R$2338,4,FALSE) -> Obesity | X101: =VLOOKUP(T101,$B$3:$R$2338,5,FALSE) -> 4.02 | Y101: =VLOOKUP(T101,$B$3:$R$2338,6,0) -> Normal | Z101: =VLOOKUP(T101,$B$3:$R$2338,7,0) -> Yes | AA101: =VLOOKUP(T101,$B$3:$R$2338,8,0) -> No | AB101: =VLOOKUP(T101,$B$3:$R$2338,9,0) -> No | AC101: =VLOOKUP(T101,$B$3:$R$2338,10,0) -> 2 | AD101: =VLOOKUP(T101,$B$3:$R$2338,11,0) -> Yes | AE101: =VLOOKUP(T101,$B$3:$R$2338,12,0) -> 6-Jul-1999 | AF101: =VLOOKUP(T101,$B$3:$R$2338,13,0) -> 24 | AG101: =VLOOKUP(T101,$B$3:$R$2338,14,0) -> 1389 | AH101: =VLOOKUP(T101,$B$3:$R$2338,15,0) -> tier - 2 | AI101: =VLOOKUP(T101,B100:R2435,16,0) -> tier - 2 | AJ101: =VLOOKUP(T101,$B$3:$R$2338,17,0) -> R1013
...

Sheet Healthcare Analysis-1
A4: CANCER HISTORY | B4: SMOKER | C4: Count of CANCER HISTORY
A5: Yes | B5: No | C5: 307
B6: Yes | C6: 84
A7: Yes Total | C7: 391
A8: Grand Total | C8: 391

Sheet Healthcare Analysis-2
A2: ANY TRANSPLANTS | B2: Average of NUMBER OF MAJOR SURGERIES | C2: Average of HBA1C
A3: No | B3: 1.2685765 | C3: 6.6704427
A4: Yes | B4: 1.125 | C4: 5.1876389
A5: Grand Total | B5: 1.2521808 | C5: 6.5789979

Sheet Healthcare Analysis-3
A1: Average of CHARGES | B1: DIABETES STATUS
A2: WEIGHT STATUS | B2: Diabetes | C2: Normal | D2: Prediabetes | E2: Grand Total
A3: Obesity | B3: 7101.6161 | C3: 12383.423 | D3: 11973.258 | E3: 10465.349
A4: Overweight | B4: 9155.2833 | C4: 15347.905 | D4: 15899.295 | E4: 13543.767
A5: Healthy Weight | B5: 11574.464 | C5: 20750.923 | D5: 18823.036 | E5: 17464.1
A6: Underweight | B6: 18024.52 | C6: 27212.923 | D6: 26607.616 | E6: 23703.238
A7: Grand Total | B7: 9205.8986 | C7: 15766.376 | D7: 15066.721 | E7: 13424.987

Sheet HealthCare Analysis-4
A1: Average of CHARGES | B1: STATE ID
A2: HOSPITAL TIER | B2: R1011 | C2: R1012 | D2: R1013 | E2: R1014 | F2: R1015 | G2: R1016 | H2: R1017 | I2: R1018 | J2: R1019 | K2: R1020 | L2: R1021 | M2: R1022 | N2: R1023 | O2: R1024 | P2: R1025 | Q2: R1026 | R2: Grand Total
A3: tier - 1 | B3: 33081.374 | C3: 25564.523 | D3: 30888.292 | E3: 13891.86 | F3: 21523.52 | G3: 39868.616 | H3: 34070.596 | I3: 33475.82 | J3: 27621.61 | N3: 18261.757 | O3: 32732.187 | Q3: 18709.798 | R3: 29992.673
A4: tier - 2 | B4: 18997.281 | C4: 10334.279 | D4: 8314.8493 | E4: 2395.17 | F4: 16433.907 | G4: 16075.963 | H4: 11365.622 | I4: 10139.553 | J4: 8116.72 | K4: 6760.5433 | L4: 7668.1787 | M4: 10102.027 | N4: 13457.095 | O4: 10174.346 | P4: 6886.0368 | Q4: 11919.608 | R4: 11842.499
A5: tier - 3 | B5: 9250.3618 | C5: 10179.942 | D5: 6857.1092 | E5: 16950.485 | F5: 7570.755 | G5: 8133.0084 | H5: 8667.3662 | I5: 12570.97 | J5: 12706.976 | K5: 11716.453 | L5: 11518.786 | M5: 11637.812 | N5: 12785.637 | O5: 13360.979 | P5: 10510.314 | Q5: 12296.78 | R5: 9450.2733
A6: Grand Total | B6: 19466.246 | C6: 11932.842 | D6: 10382.193 | E6: 13478.057 | F6: 14489.801 | G6: 13589.263 | H6: 14806.108 | I6: 13272.787 | J6: 13633.143 | K6: 9238.4983 | L6: 8933.3781 | M6: 10650.521 | N6: 13786.149 | O6: 12865.149 | P6: 8788.7823 | Q6: 12489.921 | R6: 13473.287

Sheet HealthCare Analysis-5
A4: AGE | B4: Average of HBA1C | C4: Average of BMI
A5: 19 | B5: 6.5275 | C5: 35.49575
A6: 20 | B6: 6.496 | C6: 34.361471
A7: 21 | B7: 6.8138182 | C7: 36.281545
A8: 22 | B8: 6.3028571 | C8: 32.344082
A9: 23 | B9: 6.4115217 | C9: 32.985543
A10: 24 | B10: 5.9641176 | C10: 33.036863
A11: 25 | B11: 6.4217021 | C11: 33.067128
A12: 26 | B12: 7.2529091 | C12: 31.994182
A13: 27 | B13: 6.9113636 | C13: 30.492273
A14: 28 | B14: 6.1298113 | C14: 31.691698
A15: 29 | B15: 6.7649091 | C15: 31.073818
A16: 30 | B16: 6.5316981 | C16: 33.358868
... A51: 65 | B51: 5.8227273 | C51: 27.375
A52: Grand Total | B52: 6.5789979 | C52: 30.972649

Sheet HealthCare Analysis-6
B3: AGE | C3: CHARGES
B4: 31 | C4: 563.84
B5: 31 | C5: 570.62
B6: 30 | C6: 600
B7: 31 | C7: 604.54
B8: 25 | C8: 637.26
B9: 22 | C9: 646.14
B10: 30 | C10: 650
B11: 28 | C11: 650
B12: 21 | C12: 668
B13: 26 | C13: 670
B14: 22 | C14: 687.54
B15: 24 | C15: 700
... B2338: 32 | C2338: 58571.07
